# 3 trees re-baked side by side along X, normalized height 1, base y 0
# 4987 points
v 0.11965 0.44086 0.13259
v 0.10264 0.76092 -0.01017
v 0.48677 0.65171 -0.05494
v 0.04084 0.80397 0.03626
v 0.06099 0.91856 -0.01613
v 0.42129 0.46629 0.04036
v 0.03158 0.69020 -0.03340
v 0.56498 0.59074 0.04175
v -0.09860 0.50877 0.16215
v -0.33389 0.35815 -0.06580
v 0.49926 0.70076 0.04311
v 0.11954 0.82697 -0.03485
v 0.45931 0.60804 0.02269
v 0.05427 0.84107 -0.03872
v -0.51618 0.46502 0.17600
v -0.29752 0.30845 -0.04405
v 0.06488 0.87665 0.00358
v 0.53319 0.13203 0.03749
v -0.01670 0.50596 -0.06230
v 0.01964 0.58635 0.07640
v 0.06890 0.54519 -0.06486
v -0.34138 0.44998 0.01648
v 0.00512 0.63315 -0.05934
v 0.46314 0.23150 -0.00220
v 0.17410 0.49262 -0.04222
v 0.54706 0.56868 -0.03843
v -0.48682 0.68373 0.07745
v -0.40429 0.79473 0.05192
v 0.56756 0.33029 0.01842
v 0.09455 0.78640 -0.00883
v 0.04686 0.52408 -0.02744
v 0.18968 0.69394 -0.00441
v 0.40437 0.60424 -0.01489
v -0.43357 0.62092 0.06197
v -0.21242 0.30009 -0.12890
v 0.05312 0.48032 0.00578
v 0.47829 0.32925 0.01129
v 0.02961 0.70218 0.03409
v 0.07089 0.91313 0.04456
v 0.46561 0.25279 -0.04779
v -0.02765 0.64381 0.06350
v 0.11395 0.78519 0.02891
v -0.48423 0.82217 0.05582
v 0.04185 0.75635 -0.06227
v 0.11585 0.54949 0.00665
v 0.08477 0.75514 0.03507
v 0.54130 0.07091 -0.03624
v 0.08651 0.90881 -0.00982
v -0.40115 0.38062 0.00020
v -0.42296 0.47117 -0.03550
v 0.04722 0.44424 0.01602
v -0.45360 0.83636 -0.00658
v 0.08376 0.63866 -0.11464
v 0.21076 0.61636 -0.01129
v 0.06042 0.69036 0.03065
v 0.46259 0.18247 0.03712
v 0.49017 0.08968 -0.00161
v 0.46960 0.21760 -0.13663
v 0.57495 0.31421 -0.01232
v 0.07766 0.95408 -0.00645
v -0.00402 0.67923 0.01794
v 0.43725 0.15593 -0.13565
v 0.03635 0.36724 0.07701
v 0.58246 0.43200 0.01833
v -0.20490 0.48605 0.19056
v -0.00252 0.90533 -0.02810
v -0.44978 0.48186 0.07083
v 0.24865 0.56322 0.01585
v 0.39623 0.38282 0.02274
v 0.60017 0.32781 0.13188
v 0.07578 0.67250 0.05863
v -0.46470 0.47191 0.12418
v 0.08944 0.56315 -0.07641
v -0.37826 0.62594 0.16556
v -0.38661 0.49348 0.12052
v -0.36596 0.53243 0.02195
v -0.41815 0.67535 0.10450
v 0.07012 0.36666 -0.06238
v -0.42850 0.55910 -0.05330
v 0.43206 0.18830 -0.03906
v -0.41258 0.14237 0.05010
v -0.44387 0.66605 0.07519
v -0.09734 0.53509 0.16149
v -0.40087 0.67243 0.11258
v 0.01266 0.40642 0.17217
v 0.04216 0.82975 0.03936
v -0.40824 0.78610 0.02122
v -0.29644 0.75024 0.06246
v -0.53524 0.46500 0.03355
v 0.00810 0.77223 0.12878
v 0.56030 0.25167 -0.01414
v -0.41269 0.06814 0.04795
v 0.05943 0.49357 0.00279
v -0.39708 0.66699 0.05613
v -0.51729 0.60227 -0.00334
v 0.04621 0.49025 -0.06038
v 0.46659 0.81839 -0.00769
v 0.46436 0.49790 -0.01731
v -0.31368 0.50578 -0.04920
v 0.47742 0.20872 0.01307
v 0.47735 0.48029 0.11366
v -0.47311 0.51583 0.17691
v -0.42372 0.87529 0.01621
v -0.54262 0.41141 0.12255
v 0.00555 0.31645 0.03039
v -0.53734 0.49382 0.16547
v 0.11843 0.44083 0.09556
v 0.03451 0.73306 0.08427
v 0.46013 0.36493 0.09241
v 0.41388 0.17043 -0.19116
v 0.01435 0.40869 -0.10530
v 0.12965 0.75060 0.04413
v 0.06084 0.89090 -0.00633
v 0.05824 0.70372 0.14759
v 0.03943 0.75030 -0.06168
v 0.06648 0.25556 0.00811
v 0.46491 0.44568 0.03829
v -0.30213 0.56338 0.19631
v 0.52484 0.13015 0.03294
v 0.42911 0.42016 -0.04592
v 0.42161 0.16568 -0.17192
v -0.37010 0.73944 -0.07350
v 0.46217 0.54610 -0.08292
v 0.06304 0.28128 -0.04164
v 0.55806 0.13246 0.04925
v 0.06878 0.56007 0.01541
v 0.03405 0.64542 0.03168
v -0.42140 0.51611 0.05420
v 0.08223 0.50053 -0.00176
v -0.46856 0.58699 0.01891
v -0.42359 0.83499 0.06075
v 0.17582 0.70630 0.05004
v -0.40268 0.57880 0.11696
v 0.50951 0.26490 0.03013
v -0.47297 0.71076 0.11332
v 0.52593 0.39232 0.14401
v -0.47877 0.36984 0.08222
v 0.02719 0.47001 0.08218
v -0.38646 0.35417 0.01126
v 0.52460 0.48258 -0.04127
v -0.32632 0.72184 0.08706
v 0.13768 0.78912 0.02250
v -0.02515 0.52932 -0.05492
v -0.48185 0.77120 0.00414
v -0.40721 0.87094 0.03783
v -0.42128 0.17249 0.04811
v 0.01293 0.84838 -0.00065
v -0.38286 0.71195 -0.04734
v 0.04809 0.11771 0.00396
v 0.05113 0.88681 -0.02473
v 0.49722 0.71230 0.05313
v 0.04162 0.35783 -0.04809
v -0.49003 0.75131 0.06334
v -0.43980 0.82124 0.04740
v 0.03111 0.71272 -0.03972
v 0.49009 0.11768 -0.01537
v 0.49126 0.43767 -0.10164
v 0.04948 0.23482 0.00496
v 0.04214 0.35239 0.06314
v 0.63984 0.26004 -0.10631
v -0.45385 0.62372 0.06549
v 0.04588 0.43136 0.03504
v -0.41940 0.12389 0.04677
v -0.61306 0.58864 0.06481
v 0.16298 0.57332 -0.07304
v 0.43578 0.23949 -0.02630
v -0.02174 0.44415 0.14222
v -0.04925 0.53479 -0.06070
v -0.35873 0.65850 0.17674
v 0.19272 0.70574 0.01976
v 0.33947 0.23645 -0.00619
v -0.46554 0.47416 0.27448
v 0.10111 0.56516 0.00947
v -0.25860 0.42542 0.15652
v 0.07548 0.50109 -0.13771
v 0.05240 0.07210 0.01568
v 0.60327 0.13006 0.07435
v 0.07895 0.85743 -0.00331
v 0.26046 0.63777 -0.04239
v 0.03854 0.47109 -0.01617
v -0.41629 0.66985 0.05364
v 0.03356 0.79307 0.00563
v 0.44777 0.62294 0.08563
v -0.47246 0.73668 0.05309
v 0.04141 0.44852 0.01543
v -0.40014 0.84819 0.07242
v 0.08807 0.72652 0.11400
v -0.47294 0.67356 0.09806
v -0.56213 0.40218 0.03735
v 0.58569 0.15865 -0.11641
v 0.06187 0.55212 0.07908
v 0.04441 0.76230 0.09945
v -0.41248 0.11169 0.04956
v 0.04186 0.72178 -0.10247
v 0.41457 0.43410 -0.08613
v -0.35831 0.38243 0.04549
v 0.51068 0.37482 -0.01910
v 0.05271 0.84386 0.01419
v -0.54046 0.74091 0.13605
v -0.24198 0.51368 -0.04584
v 0.02725 0.72045 0.04499
v 0.06180 0.57784 0.11093
v 0.54651 0.50846 -0.06243
v 0.52601 0.64899 -0.00505
v -0.00527 0.61752 -0.07451
v -0.00856 0.48676 0.09106
v 0.04180 0.62492 0.00933
v -0.02720 0.40833 -0.01225
v 0.07376 0.95480 0.07124
v 0.04566 0.93520 0.00028
v 0.10321 0.52751 -0.01831
v -0.56709 0.59585 0.00926
v 0.57331 0.16369 0.13035
v 0.06519 0.77082 -0.03704
v 0.49483 0.07536 0.00295
v -0.10020 0.47690 -0.02643
v -0.43542 0.59459 -0.06214
v 0.53078 0.41808 0.15652
v -0.48667 0.77586 0.04888
v 0.39266 0.17191 -0.00829
v -0.03745 0.63151 0.03825
v -0.36847 0.46362 0.01470
v -0.38522 0.66523 0.10933
v 0.49233 0.25199 -0.00998
v 0.08563 0.62886 0.01450
v -0.51093 0.62708 0.08792
v 0.08418 0.44511 -0.14199
v -0.41500 0.11523 0.04752
v 0.54186 0.33896 -0.00499
v 0.17769 0.56240 -0.00590
v -0.04728 0.75460 0.03710
v 0.03963 0.57427 -0.00554
v 0.47491 0.12284 0.01243
v 0.12497 0.78926 -0.04876
v -0.46439 0.56437 0.06896
v 0.07016 0.57562 -0.01663
v 0.17452 0.42694 -0.03687
v 0.11108 0.77728 -0.02832
v -0.35058 0.32471 -0.01040
v 0.50270 0.42495 -0.09914
v 0.55095 0.23988 0.06045
v -0.07844 0.78795 0.01619
v 0.11038 0.77867 -0.02764
v 0.10188 0.41341 0.05439
v -0.40837 0.58472 0.08096
v -0.15105 0.60708 -0.09039
v 0.06909 0.85745 0.03476
v 0.36903 0.19645 0.04751
v 0.02517 0.58021 0.07218
v -0.10295 0.60137 -0.09260
v 0.02741 0.37157 0.09116
v 0.37041 0.15806 0.04600
v -0.36516 0.48113 0.00339
v 0.51670 0.36981 -0.08201
v -0.34288 0.76751 0.06659
v -0.48462 0.76863 0.08544
v -0.10907 0.32646 0.03271
v 0.16908 0.60776 0.14758
v 0.48521 0.49921 0.08748
v 0.02280 0.78274 -0.07912
v 0.48711 0.13456 0.01793
v -0.59857 0.43382 0.13701
v 0.09034 0.57581 0.00894
v -0.02775 0.46136 0.11128
v -0.36311 0.53998 0.11601
v 0.51799 0.34051 0.09888
v 0.53534 0.12518 -0.09678
v -0.01606 0.45350 0.09393
v -0.43481 0.83029 0.00354
v 0.53171 0.41042 -0.00776
v -0.33996 0.56938 0.03500
v 0.11856 0.63075 0.15182
v 0.49023 0.03931 0.01783
v 0.33414 0.30025 -0.02951
v 0.08346 0.52910 -0.09905
v -0.07206 0.57014 0.15334
v -0.41855 0.88656 0.05283
v 0.48199 0.62908 0.00758
v -0.48258 0.65508 0.13648
v 0.52055 0.64766 0.06914
v 0.48623 0.61438 0.05644
v 0.47970 0.31860 0.04143
v 0.04907 0.61753 0.01103
v 0.59326 0.23769 -0.03362
v -0.01441 0.55712 -0.07465
v 0.06451 0.59376 -0.05957
v 0.60364 0.32658 0.13227
v -0.25326 0.47906 -0.07335
v -0.46688 0.47720 0.13936
v 0.54544 0.40581 0.11836
v 0.08629 0.52664 0.08747
v -0.36999 0.69932 0.19338
v -0.41916 0.55878 -0.05553
v 0.04935 0.02326 -0.00251
v -0.39517 0.54256 0.11332
v 0.39119 0.44405 -0.10492
v 0.11761 0.86183 0.06292
v 0.03876 0.37317 -0.11702
v -0.56795 0.36732 0.07938
v 0.48699 0.70629 0.00921
v 0.43151 0.20415 0.15270
v -0.44455 0.41116 -0.02202
v 0.08157 0.55603 0.01026
v 0.30163 0.28928 -0.01314
v -0.33853 0.50323 0.00574
v 0.00714 0.67494 -0.08918
v 0.04561 0.72146 -0.02896
v 0.07558 0.43649 -0.13121
v -0.54522 0.63965 0.21223
v 0.05400 0.36958 0.05388
v 0.04899 0.10614 0.00135
v 0.44544 0.36427 0.02732
v 0.24651 0.62628 -0.05267
v 0.02715 0.45499 0.06212
v 0.10711 0.33591 0.01331
v 0.46916 0.18435 0.05123
v -0.05276 0.62341 0.11554
v 0.16372 0.52188 -0.02390
v 0.05783 0.70207 -0.03835
v 0.01339 0.83066 0.00475
v 0.40871 0.22200 -0.00535
v -0.45534 0.42488 -0.05492
v 0.04335 0.61331 -0.05614
v -0.03670 0.59081 -0.09125
v 0.07009 0.63799 -0.02069
v 0.03402 0.86322 0.05697
v -0.40929 0.85829 0.06414
v 0.08234 0.68229 0.01175
v 0.54175 0.38890 -0.00288
v -0.50035 0.69255 0.10831
v 0.44119 0.25681 -0.00377
v 0.07290 0.59979 -0.11524
v -0.53045 0.47150 0.04844
v 0.00744 0.46373 -0.05221
v 0.15299 0.42170 0.12632
v 0.04014 0.35861 -0.00858
v 0.05998 0.75298 -0.00353
v 0.47989 0.18309 0.01598
v 0.51035 0.80886 -0.01397
v 0.03549 0.60443 -0.00695
v -0.57980 0.67384 -0.01917
v 0.50040 0.17642 -0.07185
v 0.50524 0.49164 0.01227
v 0.07673 0.36871 -0.04225
v 0.52969 0.30311 -0.02037
v -0.41338 0.85161 0.08954
v 0.07249 0.38777 -0.06890
v 0.61690 0.34461 -0.01895
v 0.21742 0.52639 0.01575
v 0.03862 0.81960 0.12974
v 0.45484 0.54615 -0.05507
v 0.47781 0.33346 0.00681
v -0.44592 0.81223 0.02613
v -0.01682 0.41000 -0.00770
v 0.12034 0.68932 -0.07675
v -0.28760 0.58777 0.02694
v 0.04290 0.42442 -0.01393
v 0.50367 0.25735 0.06816
v 0.53230 0.54046 0.04196
v 0.05876 0.00921 -0.00605
v 0.59145 0.54481 0.06825
v 0.61387 0.16237 0.07285
v -0.02049 0.72919 0.01195
v 0.54087 0.30332 -0.00191
v 0.48094 0.10590 0.01738
v 0.14401 0.46607 0.04671
v -0.41940 0.64731 -0.04659
v 0.08123 0.96598 -0.01566
v -0.39121 0.73449 0.01887
v -0.00225 0.39608 -0.00275
v 0.07112 0.57146 -0.08094
v 0.43036 0.15806 -0.12808
v 0.18642 0.44913 0.13821
v 0.45572 0.23735 -0.05152
v 0.05964 0.19694 0.01581
v 0.49667 0.06669 0.00845
v -0.68653 0.42266 0.07274
v -0.43141 0.46274 0.08701
v 0.48520 0.58217 -0.01201
v -0.30640 0.44365 0.07167
v 0.06008 0.93090 -0.01431
v 0.53509 0.55187 -0.05851
v 0.06745 0.50575 0.03784
v 0.60116 0.17015 0.09063
v 0.10954 0.85920 0.05356
v -0.44721 0.47209 0.17520
v 0.00641 0.38366 -0.00568
v 0.05773 0.46454 -0.18062
v -0.32854 0.39651 0.12510
v 0.04088 0.77411 -0.02246
v -0.41552 0.55446 0.05418
v 0.11565 0.65696 -0.15362
v 0.11258 0.59845 -0.06867
v 0.52569 0.17590 -0.12129
v -0.39941 0.91459 0.05276
v -0.40499 0.63462 -0.06624
v -0.29915 0.49546 0.04733
v 0.17810 0.46855 0.09679
v 0.00184 0.46371 0.10266
v 0.48312 0.58473 0.01006
v 0.35209 0.48123 0.07235
v 0.46892 0.50213 -0.03331
v 0.43516 0.20221 0.14314
v 0.05617 1.00000 -0.00186
v 0.15927 0.53005 -0.01315
v 0.50735 0.44709 -0.01960
v 0.50895 0.36595 0.10649
v -0.08479 0.54218 -0.09846
v 0.14375 0.42518 -0.08637
v 0.05226 0.10728 0.01518
v -0.00157 0.70567 -0.07870
v -0.40193 0.47291 -0.08046
v -0.00415 0.64490 -0.06603
v 0.05302 0.63910 -0.14980
v 0.43711 0.22373 -0.01430
v 0.10677 0.76145 0.03289
v -0.37712 0.71141 -0.06313
v 0.05105 0.38612 0.00702
v 0.50435 0.26084 -0.09478
v -0.42892 0.85920 0.05042
v 0.12682 0.71576 -0.07961
v -0.34817 0.54877 0.17230
v -0.11817 0.53534 0.16356
v -0.09635 0.52741 0.10926
v 0.09553 0.73795 0.00287
v -0.35539 0.45650 0.01531
v 0.04864 0.55785 0.09612
v 0.11672 0.66975 -0.11192
v 0.01820 0.63080 -0.05288
v 0.48975 0.44258 0.00468
v -0.39500 0.60052 0.12096
v 0.12427 0.48984 -0.02988
v 0.50116 0.63184 0.05305
v -0.38438 0.53682 0.03185
v -0.07564 0.44227 -0.02051
v -0.48557 0.48776 0.03099
v -0.39404 0.45326 -0.00554
v 0.06529 0.23948 0.00189
v -0.35040 0.55611 0.02401
v 0.03312 0.56877 0.04543
v 0.48574 0.85555 0.00771
v 0.45916 0.74967 0.03543
v 0.51687 0.41867 0.11627
v 0.51203 0.26379 -0.10492
v 0.41648 0.30482 0.10638
v 0.39035 0.40463 -0.09681
v 0.07385 0.40133 0.13048
v -0.40774 0.59792 0.03341
v 0.51840 0.13331 0.02466
v -0.28691 0.41085 -0.00797
v 0.15913 0.58319 -0.04710
v 0.37430 0.51521 0.01886
v 0.48117 0.90988 0.00841
v -0.44187 0.42478 0.17340
v -0.30669 0.34277 -0.09355
v 0.11957 0.47876 -0.11753
v 0.56554 0.18531 -0.10624
v -0.05494 0.52949 0.17510
v -0.31129 0.73930 0.06839
v -0.33843 0.31358 -0.08660
v 0.04953 0.51253 -0.08157
v 0.44198 0.28396 0.03614
v 0.53752 0.19516 0.03397
v -0.41500 0.51778 0.14430
v -0.22045 0.54204 -0.05788
v 0.00884 0.64621 0.04488
v 0.33606 0.13702 0.03164
v -0.59047 0.51564 0.02266
v -0.45633 0.70866 0.00326
v 0.05267 0.69021 0.05450
v -0.04691 0.58719 0.08517
v -0.37320 0.77835 -0.00414
v -0.48836 0.66126 0.11344
v 0.37738 0.33078 0.12640
v 0.09261 0.75601 -0.02234
v 0.14733 0.27604 0.00318
v -0.42471 0.01604 0.04887
v -0.33386 0.47886 -0.01505
v 0.05855 0.46090 -0.09440
v 0.07131 0.60708 -0.00704
v -0.07636 0.44636 -0.01033
v 0.46752 0.79783 -0.00273
v 0.48367 0.16303 -0.02221
v 0.01550 0.69846 -0.03429
v 0.49264 0.43201 0.02361
v 0.55557 0.37980 -0.12079
v 0.37786 0.32905 0.05904
v -0.57847 0.53724 0.03885
v 0.05810 0.61807 0.07706
v 0.48224 0.25605 -0.03591
v -0.40140 0.91112 0.04559
v 0.03060 0.79975 -0.09504
v 0.51605 0.76231 0.04869
v 0.48131 0.23674 0.15854
v -0.05900 0.40257 -0.04971
v -0.43050 0.70156 0.07325
v -0.01124 0.85678 -0.02894
v 0.02699 0.45784 -0.01679
v 0.59428 0.13838 -0.09155
v 0.10765 0.39290 0.02758
v 0.39494 0.16375 -0.14493
v 0.00524 0.43054 0.04310
v 0.61638 0.22650 -0.07069
v 0.13793 0.78501 -0.04602
v 0.03847 0.76568 0.09827
v 0.17949 0.51823 -0.01487
v 0.51228 0.74306 -0.04710
v 0.09927 0.44061 0.11008
v 0.04390 0.89752 -0.01525
v 0.47760 0.35924 -0.02863
v -0.11302 0.63012 -0.11237
v 0.01861 0.57112 0.01623
v 0.01376 0.83097 -0.02807
v 0.49852 0.17444 -0.06508
v 0.46654 0.20276 0.05452
v 0.10298 0.64335 0.02378
v 0.55325 0.13810 0.03994
v -0.51789 0.38545 0.10884
v 0.15449 0.43581 0.12516
v -0.45701 0.61595 0.07164
v -0.41302 0.32780 0.05432
v -0.44048 0.46067 -0.02866
v 0.51241 0.36411 -0.06774
v 0.46244 0.40572 -0.01607
v 0.06546 0.81700 -0.02171
v 0.50505 0.25988 -0.10294
v -0.42595 0.89118 0.04173
v -0.07881 0.73740 0.02541
v -0.07776 0.64335 0.12574
v -0.38968 0.89217 0.06347
v 0.45485 0.18793 0.09264
v 0.48971 0.07132 -0.00210
v 0.38588 0.23137 -0.00978
v 0.13469 0.44103 -0.02037
v 0.54736 0.24010 0.06202
v 0.49546 0.26823 -0.05184
v 0.21116 0.52609 -0.03403
v -0.34489 0.55823 0.01558
v 0.12270 0.69320 -0.07101
v 0.06027 0.32354 -0.00013
v -0.42227 0.78135 0.04204
v 0.48078 0.62858 -0.04222
v 0.44962 0.17979 0.07003
v 0.03900 0.72000 -0.07110
v -0.21399 0.64782 -0.00028
v 0.00826 0.48192 0.13053
v 0.51118 0.51088 0.06604
v 0.40293 0.42947 -0.08574
v 0.02139 0.85832 -0.01906
v 0.00157 0.48826 0.06982
v -0.57401 0.36719 0.08021
v 0.48346 0.71033 0.00437
v 0.13030 0.40624 0.07076
v 0.46113 0.68963 -0.01610
v 0.67205 0.17699 0.11065
v 0.07375 0.72964 0.00471
v 0.14466 0.40536 0.00410
v 0.46351 0.82859 -0.00463
v -0.31589 0.41570 0.11259
v -0.41621 0.59878 0.04565
v -0.41527 0.82690 0.07153
v 0.09238 0.65976 0.04237
v -0.34960 0.69307 0.15669
v 0.08099 0.83138 0.01746
v 0.58119 0.33633 0.01327
v 0.40042 0.41442 -0.05202
v -0.40904 0.63643 -0.01257
v 0.01047 0.58402 0.01472
v -0.57975 0.51134 0.02337
v 0.10552 0.77644 0.00463
v 0.51578 0.61358 0.00940
v 0.49395 0.24455 0.00710
v 0.05887 0.80600 0.00473
v -0.42054 0.64891 0.05116
v 0.05670 0.88166 -0.01203
v 0.03393 0.56121 -0.04480
v -0.39225 0.60791 0.09957
v 0.57401 0.53796 0.05813
v 0.06020 0.68422 0.00792
v 0.03461 0.91845 0.03958
v 0.62663 0.22293 0.06821
v 0.06043 0.65695 0.00880
v 0.14367 0.77295 -0.07789
v 0.48091 0.53943 0.00751
v -0.03238 0.54215 -0.04429
v 0.45449 0.23922 0.16846
v -0.49804 0.68522 0.09821
v 0.57010 0.24346 0.02087
v 0.08183 0.55133 -0.06359
v 0.49276 0.23912 0.00402
v 0.05641 0.55023 0.09008
v 0.48366 0.76000 0.00738
v 0.06822 0.11156 0.00422
v 0.50794 0.38248 -0.05500
v -0.02485 0.45999 0.10730
v 0.47756 0.03315 -0.00151
v -0.37411 0.41840 0.05844
v -0.41687 0.91663 0.04989
v 0.13197 0.79829 -0.00051
v 0.07735 0.75286 0.04574
v -0.48455 0.45563 -0.07390
v 0.04077 0.82985 -0.03553
v 0.06557 0.51994 -0.07095
v 0.45371 0.48178 0.07875
v 0.47357 0.06052 0.00682
v 0.49575 0.20724 -0.00055
v 0.51211 0.36397 -0.07012
v 0.02400 0.54362 0.02335
v -0.47163 0.57603 0.08914
v 0.08245 0.54517 -0.05511
v 0.43831 0.33372 -0.09858
v 0.23179 0.60234 0.00531
v 0.18911 0.45886 -0.06510
v 0.03913 0.63503 0.00446
v 0.44658 0.45534 0.01467
v -0.44099 0.83689 0.01411
v -0.46823 0.37833 0.10434
v -0.35493 0.38507 0.09869
v 0.05147 0.45190 -0.07554
v 0.43325 0.22147 -0.00088
v 0.43065 0.15013 0.01992
v 0.16826 0.79479 0.07541
v 0.52773 0.53389 -0.01645
v 0.00818 0.43254 0.14271
v -0.11210 0.59708 -0.06480
v -0.64241 0.37478 0.08949
v -0.40792 0.54809 -0.07905
v 0.05226 0.42546 0.00567
v 0.07587 0.82399 0.00542
v 0.05388 0.97461 -0.02835
v -0.42063 0.62862 0.05448
v -0.33559 0.46687 0.16124
v -0.36524 0.82337 0.09234
v -0.40849 0.77949 0.11890
v -0.39761 0.71236 0.05416
v 0.02326 0.29058 0.01168
v 0.13246 0.70081 0.04258
v 0.05090 0.76795 0.03402
v -0.04857 0.41847 0.00610
v 0.09259 0.49066 -0.11032
v 0.07348 0.60608 -0.01249
v 0.43835 0.43343 -0.00332
v 0.46443 0.36176 0.01907
v 0.12459 0.71286 -0.07573
v -0.38749 0.66606 -0.03198
v 0.13742 0.41954 0.09941
v 0.41514 0.49168 0.02843
v -0.29357 0.58629 0.18911
v 0.49971 0.34503 -0.03132
v -0.45006 0.65523 0.02748
v 0.61279 0.44991 0.04296
v -0.29761 0.30917 -0.04382
v 0.02289 0.41404 0.12772
v -0.24105 0.54670 -0.04124
v 0.46567 0.89271 -0.00880
v -0.39601 0.41242 -0.02472
v -0.44457 0.83580 0.00659
v 0.03730 0.36151 0.06558
v 0.51319 0.71239 0.01254
v -0.00672 0.81677 0.04059
v -0.09871 0.52314 -0.03292
v 0.04298 0.45873 -0.04296
v 0.00028 0.77454 -0.07665
v 0.39149 0.42315 0.05574
v -0.51031 0.61159 0.16111
v -0.39825 0.41644 -0.02593
v 0.11420 0.60260 0.16220
v 0.18593 0.44785 0.13753
v 0.02357 0.72714 -0.08318
v 0.56671 0.16768 0.03672
v -0.10393 0.51797 0.19621
v 0.47211 0.28734 -0.14091
v 0.00845 0.85961 -0.05692
v 0.50447 0.39531 0.12115
v -0.47084 0.46016 0.00708
v -0.39383 0.86116 0.08489
v 0.64904 0.39369 -0.06630
v 0.01549 0.59739 -0.06363
v -0.03186 0.59848 -0.04393
v 0.42195 0.28591 0.20277
v 0.05444 0.84990 0.00342
v 0.20470 0.46373 -0.06104
v -0.11332 0.63061 -0.09662
v -0.00540 0.45132 -0.08478
v -0.32631 0.57255 0.18360
v 0.60467 0.27058 0.05002
v -0.45047 0.78704 0.02204
v 0.53952 0.15847 -0.13548
v 0.10287 0.32551 -0.01213
v -0.55652 0.50024 0.02795
v -0.41617 0.62512 0.15352
v 0.61333 0.13440 0.07919
v 0.14682 0.43520 -0.09032
v 0.05715 0.89583 0.02674
v 0.06849 0.64390 0.08781
v 0.04556 0.00770 0.00597
v 0.06917 0.07398 0.00762
v 0.51599 0.36786 -0.02837
v -0.44213 0.57999 0.05408
v -0.36564 0.71487 0.03769
v -0.04450 0.52863 -0.05226
v -0.05938 0.59644 0.09594
v 0.46027 0.19588 0.12377
v -0.40181 0.64975 0.18702
v 0.12301 0.47369 -0.00505
v -0.48842 0.81331 0.05774
v 0.48492 0.49738 0.12280
v 0.49581 0.36915 -0.06664
v -0.28431 0.61134 0.15968
v -0.40964 0.38267 0.02185
v 0.43435 0.39417 0.01670
v -0.00956 0.42314 0.13545
v 0.33250 0.27218 -0.02456
v 0.05818 0.61223 0.01143
v -0.43579 0.49941 0.05496
v 0.52563 0.16930 -0.11428
v 0.06527 0.49834 0.02840
v 0.06647 0.27680 0.00744
v 0.45091 0.30673 -0.01162
v 0.11272 0.63151 0.11417
v 0.61753 0.15769 -0.12713
v 0.44719 0.68824 0.06208
v -0.41946 0.01285 0.06119
v 0.03524 0.78126 -0.00966
v -0.01650 0.42585 0.14166
v 0.51321 0.37095 -0.09393
v 0.48581 0.25312 -0.03056
v 0.54166 0.16909 0.04601
v 0.03245 0.71790 0.05641
v 0.09005 0.70465 0.00699
v -0.36940 0.40215 -0.00176
v 0.04982 0.35802 0.04329
v 0.04475 0.57413 -0.00955
v 0.41905 0.45781 0.01107
v 0.03309 0.94684 0.00845
v 0.05668 0.73046 0.08017
v -0.07612 0.61936 0.07934
v 0.15661 0.43060 0.12201
v -0.42428 0.65184 0.04750
v 0.05435 0.17953 0.01515
v -0.20460 0.47298 0.17086
v 0.48684 0.84910 0.00037
v 0.46785 0.16409 0.10433
v -0.38722 0.60112 0.03262
v 0.21646 0.52862 -0.00887
v -0.41645 0.51582 0.04383
v 0.43751 0.25852 0.10974
v 0.12786 0.73346 0.04411
v 0.42228 0.42131 0.04168
v 0.54882 0.56038 -0.06677
v 0.12059 0.75466 -0.11205
v 0.49219 0.29072 0.00457
v -0.05653 0.46967 0.05389
v 0.14345 0.50413 -0.03197
v 0.02143 0.43159 0.03687
v 0.46420 0.21445 -0.12952
v -0.03716 0.50011 -0.02419
v 0.49100 0.41985 0.01082
v -0.36479 0.50898 0.09507
v -0.45818 0.43065 -0.02990
v 0.48555 0.73486 0.01590
v -0.43294 0.58351 -0.08983
v 0.09650 0.87040 0.01784
v -0.44022 0.40693 -0.02754
v 0.07471 0.83339 -0.05635
v -0.38625 0.35038 0.01333
v 0.45120 0.56027 -0.06636
v -0.00592 0.51482 0.01800
v 0.05695 0.61083 0.06283
v 0.48012 0.42068 0.00470
v -0.02621 0.69870 -0.06042
v 0.16764 0.41596 -0.07682
v -0.59584 0.50970 0.04946
v 0.01831 0.44299 0.14146
v 0.05264 0.87732 -0.03932
v 0.16331 0.77843 0.06097
v 0.59171 0.14392 0.07432
v 0.10760 0.32546 -0.05334
v 0.13977 0.70464 -0.03439
v 0.08928 0.27029 -0.02589
v 0.10656 0.43961 -0.03554
v 0.06566 0.78159 -0.02209
v -0.37328 0.41945 0.05936
v 0.04652 0.32524 -0.02759
v 0.50034 0.57012 0.02875
v 0.47695 0.09694 0.00002
v -0.45213 0.78021 0.03761
v 0.10165 0.46967 0.13323
v 0.06305 0.53557 -0.00246
v -0.45812 0.63209 -0.02436
v 0.09925 0.56856 0.07972
v 0.11970 0.53748 0.05859
v -0.36474 0.83202 0.09944
v 0.12985 0.85780 -0.03237
v -0.05173 0.50155 0.15688
v -0.55926 0.44989 0.13284
v 0.04450 0.53654 0.07188
v 0.03649 0.82205 -0.00046
v 0.14410 0.60069 -0.01523
v 0.13731 0.70752 -0.05291
v 0.13718 0.73251 0.04811
v 0.02899 0.48201 -0.14540
v 0.06010 0.65884 0.00456
v 0.55842 0.13971 -0.03908
v 0.06965 0.87044 -0.01657
v 0.02369 0.73838 -0.08253
v 0.49137 0.83145 0.00991
v -0.41783 0.20258 0.04738
v -0.32612 0.39235 0.10707
v -0.00221 0.62535 -0.04199
v 0.45293 0.30290 0.04605
v -0.06415 0.49803 0.19398
v -0.41857 0.12343 0.06072
v 0.17100 0.49183 -0.07883
v 0.48027 0.52654 -0.04282
v -0.11166 0.50750 -0.03882
v -0.04849 0.58454 0.03932
v 0.46060 0.17965 -0.11997
v 0.41423 0.37143 -0.03777
v 0.09268 0.70895 0.00666
v 0.06351 0.49185 0.00801
v 0.47268 0.17837 0.04154
v 0.16510 0.78176 0.06002
v 0.61250 0.17385 -0.11328
v -0.00116 0.45526 0.08824
v 0.49240 0.31376 0.11065
v 0.09573 0.64079 -0.15667
v 0.06668 0.51492 -0.00998
v -0.42279 0.83460 0.06450
v -0.38676 0.89291 0.04980
v -0.00376 0.51215 -0.04000
v 0.07605 0.88018 -0.00227
v 0.06700 0.23223 0.00762
v 0.49295 0.78286 -0.01731
v -0.23943 0.32702 -0.11565
v 0.09429 0.95968 0.06576
v 0.01263 0.61335 0.08632
v -0.41438 0.81353 0.02917
v 0.03647 0.34593 0.04246
v 0.48844 0.03868 0.01857
v 0.01069 0.48843 -0.12051
v 0.01077 0.77513 -0.12679
v 0.07960 0.39986 0.08228
v 0.57275 0.21711 0.10907
v 0.48371 0.52747 0.01268
v 0.54539 0.69274 -0.01513
v 0.07240 0.83270 0.03911
v 0.05362 0.52511 0.00793
v 0.09779 0.81257 -0.02050
v 0.50505 0.84349 0.01294
v 0.12346 0.56788 0.13228
v 0.00048 0.63585 -0.06317
v -0.02746 0.67544 0.02898
v 0.08310 0.45864 0.00194
v 0.06997 0.60505 -0.12195
v -0.57487 0.40520 0.07796
v 0.51241 0.27303 0.03157
v 0.02984 0.76565 0.06451
v -0.48027 0.81017 -0.03943
v 0.47189 0.66557 -0.06273
v 0.04391 0.81899 0.03276
v 0.06470 0.94236 0.00251
v 0.03942 0.36505 -0.04551
v 0.07530 0.36700 -0.00103
v 0.49887 0.23629 0.02344
v 0.54807 0.35158 -0.00237
v -0.37261 0.76152 -0.06563
v 0.05673 0.41983 -0.02029
v 0.01455 0.40394 0.11854
v 0.02713 0.73497 -0.08429
v 0.46925 0.16457 0.10043
v -0.39160 0.68112 0.11685
v 0.48782 0.78651 0.01491
v 0.42309 0.21697 -0.24604
v -0.37520 0.64292 -0.03153
v 0.48259 0.31587 -0.10071
v 0.47913 0.36443 0.07118
v -0.50611 0.47543 0.03263
v 0.00858 0.39246 0.06747
v 0.54088 0.71058 0.00167
v 0.15493 0.49567 0.16617
v 0.07688 0.43069 -0.14204
v -0.34621 0.32673 -0.03469
v -0.39122 0.63550 0.17740
v 0.08651 0.74449 0.02876
v -0.42691 0.77264 0.15324
v 0.50728 0.35092 0.03313
v 0.06621 0.04196 0.01502
v -0.42062 0.44802 -0.08553
v 0.47710 0.35882 0.11511
v 0.05298 0.75218 -0.00515
v 0.00383 0.49769 -0.02341
v 0.11547 0.66798 -0.05905
v 0.48085 0.58603 0.00967
v -0.35535 0.48243 0.14805
v 0.38396 0.26180 0.17113
v 0.08946 0.46206 -0.00063
v 0.52133 0.12858 -0.06532
v -0.04172 0.52675 0.12013
v -0.36497 0.66478 0.19796
v 0.04856 0.51817 0.05667
v 0.55155 0.24490 -0.03349
v 0.11485 0.76238 0.03552
v 0.48703 0.11828 -0.00243
v -0.04944 0.71287 0.03629
v 0.12756 0.65217 0.05897
v 0.56042 0.14621 -0.01198
v -0.52713 0.64230 -0.04255
v 0.09137 0.82165 -0.02347
v 0.08046 0.85694 -0.01008
v 0.08247 0.54910 0.01050
v -0.39465 0.40729 -0.03984
v 0.57391 0.28055 0.11434
v -0.06612 0.49418 0.15272
v 0.36351 0.43377 0.07073
v -0.41253 0.04662 0.04781
v 0.05587 0.41882 -0.01558
v -0.36700 0.78930 -0.01568
v -0.55376 0.33806 0.06254
v 0.05654 0.13559 0.01660
v 0.10515 0.54761 0.11697
v 0.10664 0.40988 0.00083
v 0.50129 0.68315 -0.07289
v -0.03463 0.43095 -0.00503
v 0.53291 0.31379 -0.04428
v 0.47778 0.21607 0.00244
v 0.01517 0.65165 -0.07411
v 0.45032 0.47236 0.03712
v -0.32236 0.45105 0.08699
v 0.02821 0.95673 0.01915
v 0.60106 0.20930 -0.08700
v 0.47577 0.17635 0.01018
v 0.49564 0.15665 0.00792
v 0.52856 0.20289 0.00929
v 0.06866 0.78897 0.00248
v 0.11841 0.62832 -0.13457
v -0.03239 0.60957 -0.04346
v 0.17521 0.53982 -0.00459
v 0.52978 0.51692 0.04225
v 0.08071 0.39948 0.03773
v -0.31904 0.73537 0.07043
v 0.59978 0.17148 0.06683
v -0.43945 0.57983 0.04346
v 0.16054 0.48087 0.09562
v -0.64007 0.51108 0.06810
v -0.51967 0.64022 -0.03752
v 0.07083 0.92758 -0.00791
v -0.23115 0.52199 -0.02342
v -0.11430 0.50850 -0.03950
v 0.51616 0.32167 0.01895
v -0.62942 0.36601 0.05138
v 0.45655 0.76681 -0.01633
v -0.52692 0.36117 0.06926
v 0.58887 0.45028 0.00257
v 0.41111 0.31698 0.04109
v 0.49137 0.10827 -0.00167
v 0.00315 0.45317 0.08847
v 0.02581 0.70099 -0.08756
v -0.38089 0.66225 -0.00291
v 0.15324 0.61701 -0.04580
v -0.00541 0.48325 0.03582
v 0.40083 0.47896 0.00138
v 0.00737 0.50759 -0.00914
v 0.01152 0.76691 -0.00409
v 0.63699 0.11689 0.09427
v -0.49361 0.57241 0.09555
v 0.42511 0.24566 0.04764
v 0.08637 0.68098 0.03486
v 0.14190 0.67944 -0.16107
v 0.56574 0.15294 0.03616
v 0.08545 0.42381 0.08672
v -0.44541 0.51610 0.11106
v 0.07261 0.91942 -0.00150
v 0.51476 0.16512 0.03064
v 0.09253 0.51135 -0.00247
v -0.05614 0.47407 0.13015
v 0.53125 0.42054 0.16035
v 0.48916 0.35584 0.10040
v 0.01201 0.54736 -0.01881
v 0.05646 0.62720 -0.14496
v -0.40803 0.66374 -0.02206
v -0.05985 0.72910 0.04263
v -0.36632 0.79499 0.07385
v 0.03866 0.36293 0.06135
v 0.02836 0.73519 0.08911
v 0.47153 0.73410 -0.00887
v -0.35004 0.71817 0.20572
v 0.12865 0.51734 0.06331
v 0.04245 0.65649 0.07309
v -0.38783 0.61386 -0.02083
v -0.39240 0.56237 0.01986
v 0.13946 0.73952 -0.04339
v 0.46507 0.18645 -0.08372
v 0.51456 0.34819 0.09063
v 0.23498 0.57657 -0.04491
v 0.53094 0.32300 0.07636
v 0.02709 0.38482 0.09560
v -0.45759 0.52544 -0.07221
v -0.11226 0.30372 0.03262
v -0.40501 0.56808 -0.10354
v 0.58148 0.13136 0.01774
v 0.39763 0.50074 0.02396
v 0.05365 0.22701 -0.00091
v -0.01545 0.40576 -0.00637
v -0.54810 0.65237 -0.05982
v 0.08084 0.89064 -0.00344
v 0.02398 0.54500 0.02804
v 0.50705 0.59661 0.01389
v 0.50185 0.57236 -0.02743
v 0.05976 0.72742 0.00460
v 0.17389 0.55052 0.03082
v 0.52523 0.60144 0.05724
v -0.38967 0.84627 0.03245
v -0.28110 0.42357 0.12410
v -0.37950 0.88565 0.09141
v 0.48212 0.53311 0.00257
v -0.39730 0.45677 -0.03542
v -0.37443 0.65869 0.03274
v -0.41669 0.69255 0.05281
v 0.02611 0.33253 0.02255
v 0.01918 0.77435 -0.00367
v 0.45769 0.15936 0.05330
v -0.48995 0.64793 0.07825
v 0.33627 0.35277 -0.08006
v 0.06555 0.70406 -0.01095
v -0.05385 0.61795 -0.04178
v 0.05689 0.77398 0.00411
v -0.23723 0.49530 0.10659
v 0.43049 0.31409 -0.02495
v 0.03317 0.42622 0.13320
v -0.46292 0.53606 -0.02728
v 0.03980 0.40002 -0.01274
v -0.02451 0.58228 0.06014
v 0.01870 0.46915 0.00273
v 0.13673 0.43464 0.08706
v 0.06392 0.39789 0.12868
v 0.47629 0.26376 0.00853
v 0.44811 0.81764 0.01297
v 0.52338 0.65327 0.01685
v 0.46299 0.11210 0.01633
v 0.24301 0.16627 0.01554
v 0.53494 0.55274 -0.01331
v -0.06462 0.58027 -0.06185
v 0.50603 0.73628 0.05822
v 0.62902 0.34399 -0.02623
v 0.08997 0.57692 -0.01204
v 0.56109 0.20841 -0.06177
v -0.42453 0.11088 0.05084
v -0.37949 0.69996 -0.09291
v 0.00884 0.93204 -0.04666
v 0.51388 0.26431 -0.03828
v -0.51836 0.65403 0.08187
v 0.57780 0.56995 0.06087
v 0.05088 0.34891 0.00820
v 0.61281 0.31281 0.00226
v -0.03381 0.58472 0.02489
v 0.32256 0.28990 -0.05682
v -0.12097 0.66065 0.11324
v -0.03481 0.54602 -0.02902
v 0.11264 0.79721 -0.04080
v -0.48399 0.44772 0.06573
v 0.05341 0.03628 -0.00397
v 0.35864 0.62080 -0.01410
v 0.41300 0.39053 0.04922
v 0.05399 0.76348 0.01185
v -0.31027 0.54742 0.10160
v -0.44113 0.72529 0.05456
v 0.37190 0.42139 0.06376
v 0.49751 0.74555 0.06277
v 0.06330 0.79456 -0.03781
v 0.49025 0.51840 0.00892
v 0.00064 0.44524 0.06775
v 0.41807 0.33344 -0.03504
v -0.45083 0.60046 -0.02192
v -0.35793 0.75687 -0.06982
v 0.52207 0.47865 -0.04328
v 0.05801 0.41746 -0.03370
v -0.40711 0.91640 0.05584
v 0.53648 0.56043 -0.03012
v 0.21165 0.67769 0.00879
v -0.48792 0.46901 0.25790
v -0.50909 0.67131 0.17300
v 0.58067 0.12324 -0.11036
v -0.46813 0.46704 0.04746
v -0.40511 0.68542 -0.06920
v -0.42098 0.87787 0.04048
v 0.01640 0.64242 0.01667
v 0.54690 0.31673 0.00729
v 0.03502 0.69739 -0.02621
v 0.07378 0.81585 0.00713
v 0.54710 0.31247 -0.01604
v 0.19796 0.47687 -0.05950
v 0.12044 0.38154 -0.02983
v 0.19981 0.46439 0.14382
v 0.46809 0.35205 -0.00925
v -0.41610 0.56345 0.00017
v 0.47497 0.06112 0.00346
v 0.49355 0.25494 0.00652
v 0.05042 0.52861 0.01487
v -0.29822 0.58184 0.17355
v 0.05247 0.65472 -0.00311
v 0.17281 0.51899 0.03718
v -0.48384 0.76140 0.08711
v 0.09865 0.66665 0.00809
v 0.11152 0.88468 0.06762
v -0.03984 0.74147 -0.09595
v 0.44873 0.21645 -0.00282
v -0.36944 0.83857 -0.01640
v -0.50943 0.45430 0.10868
v -0.43937 0.47214 0.04514
v 0.41390 0.26915 0.04137
v 0.49016 0.42829 0.00319
v 0.48951 0.29933 -0.13163
v 0.43418 0.15036 -0.10995
v -0.04054 0.40421 -0.03620
v 0.12746 0.61068 0.15523
v -0.37257 0.69558 -0.03045
v 0.31696 0.12852 0.05836
v 0.49628 0.66122 0.01354
v -0.44921 0.70509 0.00569
v -0.40219 0.37280 -0.11685
v 0.54693 0.29170 0.05592
v -0.46046 0.80254 0.07266
v 0.48054 0.50585 0.02343
v 0.17956 0.64222 0.02422
v 0.10875 0.57869 0.02325
v -0.39726 0.89583 0.04700
v 0.11946 0.46381 0.09444
v -0.49352 0.45333 0.27304
v 0.62190 0.17273 -0.14801
v -0.39284 0.88066 0.00652
v 0.03065 0.72663 0.12855
v 0.07021 0.44868 -0.03534
v -0.40931 0.84829 0.04955
v 0.47657 0.59509 0.05746
v -0.56830 0.63609 0.00124
v -0.07208 0.45683 -0.02990
v -0.33548 0.32412 -0.04247
v 0.01335 0.61206 -0.04455
v 0.05773 0.64663 0.13113
v 0.01341 0.45049 0.06247
v 0.16241 0.53462 0.02623
v -0.34982 0.58940 0.17973
v 0.41121 0.14272 -0.01401
v 0.16672 0.42353 0.13994
v 0.09975 0.29308 -0.08474
v 0.13319 0.72390 0.05282
v 0.03511 0.73398 0.01665
v 0.06770 0.17551 0.00782
v 0.61388 0.15729 0.04505
v 0.39442 0.30960 0.06436
v -0.39118 0.72686 0.08660
v -0.45007 0.44712 0.04557
v 0.50641 0.10939 -0.01862
v 0.06359 0.45451 0.00902
v 0.12409 0.70238 -0.07480
v 0.17274 0.50162 -0.01915
v 0.43258 0.47417 -0.07055
v 0.01548 0.85523 -0.00448
v 0.59249 0.11805 0.01349
v 0.48515 0.55787 0.01415
v -0.01119 0.65664 0.00204
v 0.17697 0.33707 0.09985
v -0.48511 0.82580 0.06170
v 0.06419 0.66645 -0.05053
v 0.41419 0.47186 0.01445
v 0.47401 0.48179 0.11931
v 0.08695 0.54852 0.00912
v 0.43192 0.76444 0.02577
v -0.39932 0.54642 0.05339
v 0.02722 0.82225 0.00589
v -0.46467 0.49833 0.14133
v 0.44538 0.28550 0.07000
v 0.13308 0.72863 -0.05512
v -0.29220 0.42832 0.08814
v 0.04402 0.42604 -0.06976
v -0.40558 0.75458 0.05524
v 0.41693 0.40121 -0.04497
v 0.10691 0.84263 -0.04294
v 0.03881 0.46129 0.03303
v 0.52498 0.23506 0.03551
v 0.10579 0.68781 0.02272
v 0.35553 0.46241 0.07759
v 0.46566 0.39894 -0.01402
v -0.53904 0.49700 0.03666
v -0.32061 0.56729 0.03660
v -0.03653 0.51386 0.13810
v -0.53252 0.75217 0.11289
v 0.47076 0.45097 0.01791
v 0.06541 0.49919 -0.06747
v 0.47118 0.79496 0.03771
v 0.51138 0.57713 -0.00841
v 0.53660 0.27555 0.00015
v 0.06326 0.39314 0.00297
v -0.08521 0.45140 -0.02206
v -0.02029 0.57524 0.03551
v -0.48027 0.47391 0.04039
v 0.05822 0.86397 -0.06246
v -0.47089 0.66168 0.08323
v 0.12971 0.62376 -0.15222
v 0.06508 0.62062 -0.11770
v 0.36346 0.44206 0.09480
v 0.39377 0.42768 0.06568
v -0.02466 0.72782 0.02116
v -0.31578 0.57972 0.03892
v 0.42185 0.10975 0.01692
v 0.47737 0.24615 0.01172
v 0.09831 0.56490 0.12157
v 0.52996 0.51460 0.04101
v 0.47621 0.35816 0.01169
v -0.40051 0.75089 0.03068
v 0.56533 0.39589 0.01578
v 0.48926 0.64520 0.01313
v 0.51626 0.18074 -0.04965
v 0.04650 0.43456 0.03346
v 0.48689 0.25472 -0.03870
v -0.37597 0.80458 0.04855
v 0.05973 0.00073 -0.00579
v -0.11234 0.42454 -0.00480
v -0.36497 0.34875 -0.02644
v -0.39393 0.63853 -0.01277
v 0.11558 0.86577 0.06904
v 0.10025 0.72498 -0.02950
v 0.00824 0.81980 -0.00775
v 0.05901 0.59145 0.03072
v -0.36036 0.33855 -0.01472
v 0.02435 0.38674 0.00793
v 0.05689 0.10425 -0.00429
v 0.51671 0.53214 0.00769
v -0.40775 0.61831 0.05563
v -0.05438 0.42241 -0.01411
v -0.32036 0.31616 -0.04212
v 0.03529 0.52116 -0.03655
v -0.56005 0.67472 -0.05811
v -0.04698 0.58321 0.06843
v 0.18788 0.58835 -0.06293
v -0.42499 0.16326 0.05401
v 0.09856 0.81448 -0.05012
v -0.38771 0.79760 0.06638
v 0.03514 0.85048 0.00286
v 0.46370 0.47642 -0.01964
v 0.49989 0.66389 -0.03766
v -0.50064 0.44765 0.23773
v 0.06749 0.93356 -0.00493
v 0.43212 0.20910 0.07220
v -0.53080 0.45944 0.08610
v 0.48956 0.88084 0.00977
v 0.41065 0.17567 -0.16972
v -0.40586 0.85826 0.04454
v -0.42370 0.78526 0.16132
v -0.40281 0.77601 0.06899
v -0.50184 0.44546 0.07860
v 0.20096 0.66171 -0.00265
v 0.08687 0.47626 -0.18135
v 0.50487 0.38300 -0.06990
v -0.36931 0.34428 -0.00408
v 0.16490 0.64986 0.05468
v 0.09097 0.61303 -0.03507
v 0.03014 0.59873 0.08515
v 0.08517 0.59216 0.15148
v -0.48623 0.56074 -0.02243
v -0.41685 0.06130 0.06075
v 0.05478 0.75530 0.00696
v 0.08063 0.67055 -0.13616
v -0.41786 0.39695 0.05889
v 0.42104 0.47930 -0.10425
v -0.34945 0.87241 0.09516
v 0.09737 0.27184 -0.04069
v 0.47608 0.15333 0.01167
v -0.01906 0.56674 0.03689
v 0.09681 0.67432 0.01716
v -0.37603 0.77025 -0.07829
v 0.34892 0.25214 -0.04672
v 0.07885 0.52960 0.06311
v 0.55956 0.10538 -0.09088
v 0.09362 0.57736 -0.09592
v 0.06263 0.86990 0.03844
v 0.09533 0.81879 0.05071
v 0.53265 0.34976 0.13783
v -0.41273 0.11240 0.04899
v 0.36874 0.52280 0.03862
v 0.47898 0.49805 -0.02701
v 0.20296 0.48342 0.13820
v -0.44286 0.86281 0.11735
v 0.49042 0.04195 -0.00230
v -0.58899 0.55164 0.00394
v 0.05408 0.63674 0.07962
v 0.48100 0.90164 -0.00159
v -0.39775 0.90612 0.03818
v 0.05687 0.45074 -0.13664
v 0.05672 0.32748 -0.10451
v -0.46005 0.48401 -0.11281
v 0.06896 0.54950 0.00827
v 0.06898 0.86711 -0.06811
v 0.11324 0.34966 0.00476
v 0.05315 0.71004 0.14272
v 0.59804 0.33674 -0.02236
v -0.43117 0.87200 0.10704
v -0.31456 0.46013 -0.00553
v -0.08884 0.54848 0.14631
v 0.42360 0.17484 -0.18031
v -0.06445 0.48045 -0.04277
v 0.47769 0.30089 -0.21109
v 0.48704 0.86598 0.01056
v 0.43104 0.27128 0.14618
v 0.54637 0.41696 0.08650
v 0.49501 0.09457 -0.04969
v -0.00121 0.81024 -0.00931
v -0.07439 0.55909 -0.07077
v -0.00236 0.81143 -0.12495
v 0.53727 0.18216 -0.02287
v -0.49996 0.37051 0.06366
v -0.40111 0.87348 0.04483
v 0.00288 0.38387 -0.10564
v 0.18206 0.51836 -0.01226
v 0.60585 0.23368 -0.07844
v 0.02392 0.86772 -0.02387
v 0.08159 0.68434 0.08279
v 0.51601 0.77471 0.00969
v 0.38721 0.25458 -0.00849
v 0.07223 0.45588 0.00663
v -0.47629 0.67102 0.13534
v 0.06510 0.57605 0.09268
v -0.46558 0.74569 0.07112
v 0.54637 0.69079 -0.01158
v 0.08908 0.60694 0.04113
v -0.04677 0.38303 -0.03566
v 0.12856 0.28994 0.06250
v 0.36583 0.08442 0.04225
v 0.13498 0.59062 0.01904
v -0.39499 0.90141 0.03993
v 0.49765 0.43856 -0.00763
v 0.55124 0.52937 0.05944
v 0.55640 0.53172 -0.10272
v -0.47574 0.51228 0.00013
v 0.59800 0.29545 0.14186
v -0.50773 0.47909 -0.08529
v 0.04388 0.59114 0.06013
v -0.50100 0.67521 -0.04773
v -0.36385 0.75864 0.06166
v -0.43351 0.43374 0.09167
v 0.52358 0.15489 -0.09963
v 0.09315 0.39899 0.02985
v -0.43061 0.49324 0.10117
v 0.01351 0.82154 -0.00080
v -0.40689 0.77284 0.04930
v -0.42635 0.92188 0.05014
v -0.00427 0.49893 -0.03104
v 0.05595 0.02746 0.01771
v -0.44463 0.70472 0.00429
v 0.31162 0.41572 -0.08306
v 0.07203 0.62442 0.09138
v 0.51268 0.10398 -0.02169
v 0.02794 0.43782 0.00895
v 0.61547 0.34273 -0.01807
v 0.48265 0.50889 0.01456
v -0.43505 0.83405 0.07568
v -0.00798 0.38400 -0.14647
v 0.11562 0.60541 -0.10516
v 0.20794 0.66622 0.00903
v 0.51074 0.34653 -0.05625
v -0.16507 0.53561 -0.07353
v -0.42595 0.84116 0.05947
v -0.36114 0.67130 0.11405
v 0.48356 0.18103 0.01536
v 0.06464 0.34619 0.00972
v 0.61204 0.29455 0.14276
v 0.48743 0.39313 0.01483
v 0.00401 0.39359 0.08026
v 0.01123 0.45358 0.06172
v 0.48107 0.55592 0.00777
v 0.50747 0.44568 -0.01820
v -0.46644 0.41081 -0.01946
v 0.04961 0.35308 0.02640
v 0.04784 0.16033 0.00694
v 0.04738 0.44551 0.01522
v -0.28970 0.64017 -0.00106
v 0.54526 0.27776 0.10031
v -0.06681 0.48958 0.15051
v -0.39985 0.73288 0.03746
v 0.03875 0.71683 -0.02994
v 0.19908 0.46112 0.14251
v -0.37003 0.65305 0.19875
v -0.51045 0.66761 -0.00561
v 0.00183 0.70922 -0.06338
v 0.49402 0.67982 -0.02572
v 0.53510 0.71825 -0.01447
v -0.00851 0.71806 0.01591
v -0.29834 0.29613 -0.01459
v -0.00117 0.59835 -0.04043
v 0.30949 0.11595 0.06159
v 0.05047 0.82967 -0.04025
v 0.62609 0.11885 0.08850
v 0.46141 0.58561 0.07007
v -0.39107 0.88167 0.07543
v 0.04178 0.61962 -0.01226
v 0.36560 0.36102 -0.03180
v 0.13688 0.30032 -0.10930
v 0.48601 0.19466 0.00908
v -0.36688 0.57485 0.12595
v 0.57245 0.40128 0.02228
v 0.07655 0.64675 -0.05167
v -0.02759 0.71803 0.03132
v -0.02223 0.38191 -0.10549
v 0.50613 0.23094 0.02963
v 0.05058 0.29532 0.00455
v 0.02640 0.37208 0.07089
v -0.40080 0.70407 0.15106
v 0.41082 0.32531 0.09188
v 0.49096 0.16965 0.01590
v 0.42786 0.56553 -0.00060
v 0.15388 0.79374 0.04732
v 0.04307 0.86281 -0.03945
v -0.45345 0.77879 0.00101
v 0.38575 0.22053 0.05125
v -0.41147 0.10573 0.05519
v 0.07809 0.70362 0.08867
v 0.43789 0.11579 0.02610
v -0.10479 0.51073 -0.04030
v 0.06374 0.15949 -0.00150
v -0.30980 0.32062 -0.07410
v 0.42375 0.33405 0.06397
v -0.51125 0.73374 0.11177
v 0.46512 0.64739 -0.00398
v 0.43562 0.27433 -0.02716
v -0.50636 0.45562 0.29279
v 0.61595 0.15917 0.05291
v 0.51364 0.27900 0.03238
v 0.07271 0.88579 0.00214
v 0.04297 0.62115 0.01017
v 0.58172 0.25905 0.02448
v -0.06007 0.54615 0.11915
v -0.68835 0.42217 0.08582
v 0.42298 0.31679 0.06318
v 0.02094 0.48475 -0.20549
v 0.10137 0.29551 -0.06388
v 0.14131 0.59335 0.02117
v 0.06744 0.48925 0.00489
v 0.12544 0.53686 0.06620
v -0.36094 0.79802 0.09451
v 0.07229 0.45175 -0.03754
v 0.19206 0.47103 0.16772
v 0.37305 0.41845 0.05455
v 0.55484 0.42614 0.04212
v 0.57165 0.15559 -0.14518
v -0.37788 0.72438 0.01492
v -0.40175 0.51969 0.03197
v -0.48931 0.54384 0.00019
v -0.54434 0.63913 0.04560
v 0.10485 0.41327 0.03878
v 0.14248 0.51580 0.01502
v -0.03946 0.67340 -0.07821
v 0.14917 0.74896 0.06902
v -0.05971 0.53934 -0.06069
v 0.06903 0.72857 0.02135
v 0.64412 0.19773 0.09183
v -0.40287 0.37825 0.00400
v 0.03439 0.92378 0.01103
v 0.45769 0.42820 -0.01791
v -0.42416 0.68135 -0.11145
v 0.12959 0.49823 0.00598
v -0.32066 0.34055 -0.03251
v 0.06969 0.27624 -0.02861
v -0.35627 0.57664 0.11429
v 0.41617 0.30888 0.04561
v 0.00304 0.44407 0.03038
v 0.16580 0.62601 0.00468
v 0.41639 0.16697 0.03600
v 0.06489 0.69599 -0.03994
v 0.49318 0.10537 0.00067
v -0.10012 0.50365 -0.03899
v 0.47563 0.04521 0.00126
v -0.30422 0.60023 0.18678
v 0.63344 0.15287 0.10840
v 0.37385 0.45008 0.06711
v 0.56432 0.17076 -0.07730
v -0.40964 0.61460 0.14060
v 0.31068 0.29429 -0.01442
v 0.49686 0.47372 -0.00542
v -0.48016 0.80128 0.05136
v -0.58825 0.55039 0.06550
v 0.05428 0.31244 0.00031
v 0.13895 0.59505 0.02112
v -0.40472 0.47407 0.04088
v 0.12041 0.44691 -0.03366
v 0.43890 0.73302 -0.01290
v -0.43235 0.51096 0.15705
v 0.03017 0.37082 0.08492
v 0.52895 0.48347 -0.04390
v 0.49402 0.32229 0.03628
v -0.05379 0.42357 -0.01504
v -0.00270 0.60682 0.01515
v 0.41114 0.58831 -0.02009
v 0.46005 0.54303 0.03423
v 0.07653 0.88891 0.03857
v 0.48246 0.13801 -0.00180
v 0.44969 0.55059 -0.00116
v 0.12880 0.71546 -0.04096
v 0.37526 0.16322 -0.10183
v 0.46710 0.38725 -0.05012
v 0.09215 0.74794 -0.04188
v -0.00539 0.71147 0.01641
v -0.41444 0.53955 0.08013
v -0.30625 0.31915 -0.12342
v 0.05763 0.65133 0.09806
v -0.35895 0.56414 0.13057
v 0.04717 0.53720 0.02383
v -0.36420 0.43345 0.13066
v 0.14957 0.60898 0.04774
v 0.12251 0.38472 -0.03621
v -0.35879 0.39553 0.08144
v 0.08407 0.62606 0.00681
v -0.02925 0.66011 -0.04931
v 0.47751 0.05271 0.01662
v -0.46583 0.75070 0.07487
v 0.03377 0.53511 -0.03902
v -0.35209 0.74044 0.08517
v 0.19296 0.65376 0.02720
v 0.49031 0.54386 0.04177
v 0.44511 0.19731 0.11102
v 0.48652 0.42242 0.04055
v 0.38301 0.10139 -0.06227
v 0.62207 0.29068 -0.02002
v 0.03944 0.79004 0.02730
v 0.60988 0.28458 0.05505
v -0.01876 0.39768 -0.15109
v 0.12930 0.73730 -0.08272
v 0.10675 0.53957 -0.03352
v 0.54715 0.39048 0.01746
v -0.42219 0.34341 0.05125
v 0.51143 0.58409 0.03991
v -0.49461 0.47246 0.04213
v 0.42406 0.45848 0.03835
v -0.39212 0.65340 0.05273
v 0.09887 0.57051 -0.06181
v 0.38763 0.16611 0.01971
v 0.07082 0.81666 -0.03565
v 0.44669 0.49606 0.02549
v 0.03442 0.69862 -0.02625
v 0.03069 0.76239 -0.03923
v 0.44563 0.21862 -0.00326
v 0.07890 0.57514 0.06221
v 0.53692 0.42869 -0.17194
v 0.18807 0.45722 0.14532
v 0.04034 0.38299 -0.11925
v 0.20766 0.56779 -0.02135
v -0.43326 0.62128 0.06179
v -0.28927 0.65278 0.02343
v -0.38195 0.64750 -0.01888
v 0.17702 0.42837 -0.05762
v 0.60761 0.47916 0.01436
v -0.48087 0.36757 0.10772
v -0.53850 0.36821 0.07189
v -0.28708 0.39238 -0.07719
v 0.01747 0.52193 -0.04463
v 0.50339 0.56558 -0.03698
v -0.04011 0.43687 -0.02737
v 0.02713 0.82956 -0.02000
v 0.02500 0.76939 -0.00393
v 0.64516 0.39991 -0.07023
v 0.48216 0.26134 0.00037
v 0.48266 0.71269 0.00678
v 0.45470 0.17109 0.05221
v 0.48576 0.63641 -0.05641
v 0.62187 0.03693 -0.06448
v 0.03538 0.95466 0.00777
v 0.60754 0.58280 0.07527
v 0.07000 0.49352 0.06791
v 0.12053 0.46890 -0.00478
v 0.37017 0.45421 0.06128
v -0.30003 0.47595 0.00529
v -0.45573 0.37549 0.06216
v 0.52195 0.22879 0.04122
v -0.39360 0.75541 0.06910
v -0.37263 0.49984 0.14179
v 0.51185 0.62709 0.04235
v 0.13682 0.69913 0.16818
v -0.60892 0.58936 0.01674
v 0.04535 0.48830 -0.02130
v -0.41617 0.75473 0.08143
v -0.36335 0.71379 0.08039
v 0.00835 0.39393 -0.00113
v 0.07272 0.52468 -0.03335
v 0.07881 0.66603 0.01450
v 0.47183 0.53682 0.04541
v -0.00882 0.84227 -0.02778
v 0.61081 0.17101 -0.10455
v -0.41721 0.53378 -0.02560
v -0.38881 0.56348 0.02913
v -0.01560 0.50079 -0.03690
v -0.45912 0.45033 0.12793
v -0.05019 0.32467 0.01988
v 0.41871 0.33890 -0.03986
v 0.05949 0.52248 0.02867
v -0.51155 0.60681 0.12000
v 0.04899 0.47426 0.00331
v 0.47587 0.14838 0.01133
v 0.13837 0.78293 -0.04374
v 0.03517 0.71344 -0.05772
v 0.50111 0.39288 -0.05396
v 0.04977 0.85036 -0.07177
v 0.63956 0.09290 0.05580
v 0.45985 0.15288 -0.05749
v 0.43445 0.20016 0.07826
v 0.03874 0.32581 -0.03483
v 0.43955 0.40589 -0.04496
v -0.35257 0.48877 0.01946
v 0.42573 0.63815 0.00496
v -0.42958 0.75318 0.03375
v -0.41329 0.24184 0.05669
v -0.50841 0.74065 0.11315
v 0.43804 0.30969 -0.01311
v -0.42980 0.78049 0.03929
v 0.06990 0.74802 0.03192
v 0.13821 0.73381 0.05044
v 0.51447 0.19590 -0.03271
v 0.48948 0.68057 0.00052
v -0.43620 0.38118 0.05634
v -0.31306 0.35865 -0.10686
v -0.52132 0.73022 0.12000
v 0.52831 0.37557 0.08783
v 0.41233 0.30203 0.09232
v 0.39900 0.19725 -0.23350
v 0.06801 0.18168 0.00631
v -0.40976 0.89321 0.05339
v -0.45858 0.56442 0.12521
v 0.56231 0.12960 -0.09479
v 0.16548 0.44402 0.13238
v 0.18908 0.44735 -0.09899
v 0.00899 0.82564 0.02095
v 0.45402 0.15567 -0.09869
v 0.58765 0.19730 -0.11196
v -0.41241 0.11320 0.04979
v -0.38846 0.65532 0.11838
v 0.49912 0.40835 0.02028
v 0.05679 0.00125 -0.00595
v 0.11202 0.59500 -0.09618
v 0.51171 0.46053 -0.02885
v 0.52240 0.09337 -0.02810
v 0.44699 0.42965 -0.01430
v 0.53125 0.29763 0.06286
v 0.11401 0.47918 -0.02047
v -0.43140 0.37903 0.05637
v 0.06300 0.44634 0.01062
v 0.02967 0.73075 0.08324
v 0.64019 0.13476 0.09514
v 0.04887 0.84998 -0.05966
v -0.02861 0.47450 0.12509
v 0.05644 0.34904 0.01747
v 0.46733 0.56352 0.07894
v 0.39024 0.48623 0.02922
v 0.45773 0.18132 0.10411
v 0.14285 0.44416 0.01379
v 0.06335 0.53480 -0.19165
v -0.34246 0.38847 0.05249
v -0.47819 0.47019 0.04367
v -0.56073 0.45540 0.09842
v -0.48619 0.59414 0.16098
v 0.38681 0.43460 -0.09191
v 0.05080 0.38385 0.00774
v 0.48197 0.26627 0.00053
v 0.12045 0.63249 0.11117
v 0.48804 0.33335 0.04556
v 0.55267 0.11136 -0.06386
v 0.06574 0.93601 0.00887
v 0.66383 0.27977 -0.07859
v 0.07886 0.77965 0.00424
v -0.30290 0.51901 -0.00774
v 0.48267 0.48535 -0.04237
v 0.14886 0.50351 0.00855
v -0.09614 0.46864 -0.02488
v 0.03093 0.62710 -0.03424
v -0.32713 0.37964 -0.05600
v 0.58214 0.15969 -0.07980
v 0.05922 0.51089 0.01265
v 0.54094 0.24269 0.07359
v 0.04728 0.46411 -0.09648
v 0.08740 0.62220 -0.02571
v 0.48786 0.30579 0.02660
v 0.47805 0.47235 0.06777
v 0.45856 0.60236 -0.09458
v 0.12420 0.27434 -0.04373
v 0.12088 0.82256 -0.06535
v 0.47993 0.45102 0.01154
v 0.49837 0.69189 0.03993
v 0.02717 0.86489 -0.06728
v 0.48660 0.77973 0.01507
v 0.59479 0.15326 0.10001
v 0.15141 0.70149 -0.07480
v 0.64142 0.20649 0.09619
v 0.14112 0.42955 0.04762
v 0.02919 0.70584 -0.01376
v 0.56260 0.26651 0.10607
v 0.01940 0.80746 -0.12496
v 0.05778 0.75233 -0.00569
v 0.43400 0.20989 0.14753
v 0.56259 0.27258 -0.00529
v -0.37550 0.70995 -0.00946
v 0.09747 0.76996 0.03892
v 0.07227 0.31074 0.01636
v -0.49546 0.65445 0.16248
v -0.23844 0.55217 -0.04366
v -0.21863 0.52446 -0.07519
v 0.52740 0.60481 0.05860
v 0.30911 0.31425 -0.03930
v -0.43648 0.67040 0.03146
v 0.42416 0.61173 0.00699
v 0.08355 0.51853 0.07685
v 0.04696 0.02101 0.00309
v 0.05188 0.34480 -0.06202
v 0.54086 0.06875 -0.03653
v 0.08700 0.59934 0.02214
v 0.47911 0.30877 0.00270
v -0.45370 0.54303 0.09856
v 0.02458 0.98119 0.00871
v 0.01333 0.91337 0.01292
v -0.38976 0.55281 -0.03871
v 0.43733 0.17497 -0.02804
v -0.44724 0.46802 0.05126
v 0.07331 0.87299 -0.06608
v 0.14485 0.81388 -0.03748
v -0.42108 0.79528 0.01837
v 0.47896 0.31960 0.04000
v 0.11979 0.67632 -0.02001
v 0.02824 0.88752 0.02415
v 0.52113 0.32457 0.01229
v 0.03888 0.88173 0.04828
v -0.05085 0.53892 -0.06367
v -0.38655 0.66671 0.11604
v 0.12413 0.50356 -0.01411
v 0.47261 0.86665 0.01984
v 0.44681 0.19473 0.11048
v 0.03105 0.54167 -0.04419
v 0.02227 0.49324 0.00961
v 0.01643 0.48737 -0.01810
v 0.06039 0.57986 0.01372
v 0.05860 0.86397 -0.06090
v 0.05829 0.10949 0.01746
v 0.58731 0.20678 -0.06087
v 0.44320 0.60573 -0.09763
v -0.41595 0.83453 0.05748
v -0.34887 0.69216 0.04260
v -0.04083 0.48713 0.15319
v 0.08695 0.63605 -0.02072
v 0.07718 0.84403 0.03903
v 0.33898 0.12098 0.00624
v 0.52838 0.38064 0.01639
v -0.33380 0.31968 -0.05658
v 0.47628 0.06164 0.00031
v 0.44308 0.15827 -0.08979
v 0.47990 0.37656 0.01374
v 0.05675 0.02464 -0.00555
v 0.05483 0.65134 0.00692
v 0.52068 0.48692 -0.02696
v -0.49907 0.53098 -0.00409
v 0.51746 0.37054 -0.03846
v -0.42155 0.88478 0.06928
v 0.03247 0.40848 -0.02716
v 0.20249 0.54387 -0.04065
v 0.51307 0.40316 0.05310
v -0.39490 0.79083 0.17541
v -0.40368 0.56022 0.03235
v 0.39687 0.49754 0.00943
v 0.47763 0.02539 0.01702
v 0.05722 0.87775 -0.06026
v -0.02435 0.72467 0.02089
v -0.39866 0.59862 0.12069
v 0.16418 0.81303 0.07496
v 0.05982 0.70700 -0.03404
v 0.44767 0.14677 -0.13355
v 0.52056 0.27751 -0.02879
v 0.52221 0.37972 0.00452
v 0.05665 0.72503 0.00410
v -0.42858 0.92012 0.04869
v 0.51776 0.49056 -0.05915
v -0.50343 0.59239 -0.01706
v 0.11192 0.54905 0.00541
v 0.05870 0.65936 0.00398
v 0.44224 0.47084 0.02868
v 0.41131 0.09320 -0.03720
v 0.56670 0.15055 -0.07739
v -0.00740 0.49492 -0.10305
v 0.50511 0.41280 -0.05235
v 0.09785 0.45032 0.11812
v 0.48601 0.41747 0.01517
v 0.44829 0.18542 0.05747
v 0.52539 0.55299 0.01300
v -0.41359 0.76941 0.02628
v -0.48133 0.59425 0.11123
v 0.52460 0.14479 -0.13598
v -0.41485 0.65967 0.01147
v -0.45297 0.86876 0.05184
v -0.38646 0.41521 0.08771
v 0.05741 0.88858 -0.00688
v -0.06973 0.46246 0.07254
v 0.47724 0.22923 0.00423
v 0.43495 0.22218 -0.23479
v 0.53800 0.12927 0.02694
v 0.48111 0.39978 0.00337
v 0.06138 0.83659 -0.04757
v -0.00074 0.84936 -0.00282
v 0.08007 0.64796 0.02538
v 0.06033 0.50740 -0.07921
v 0.49112 0.02198 0.01767
v 0.57978 0.30043 0.13777
v 0.10376 0.58973 0.12731
v -0.50453 0.53691 -0.00148
v 0.51462 0.34113 0.08980
v 0.03681 0.73484 -0.08088
v -0.02123 0.43498 -0.01022
v -0.56854 0.64038 -0.03418
v 0.54563 0.26251 0.04655
v 0.04141 0.68743 -0.05320
v 0.60214 0.23715 -0.03477
v 0.09457 0.59036 -0.09566
v 0.47639 0.02109 0.01655
v 0.10555 0.38822 0.03028
v 0.04440 0.85449 -0.01851
v 0.59877 0.17491 -0.10248
v 0.51236 0.47834 0.03399
v -0.47731 0.47553 0.04897
v 0.12867 0.67682 0.04100
v -0.03445 0.46368 0.10256
v -0.52916 0.40526 0.06640
v -0.42014 0.59002 0.05318
v 0.40885 0.36691 0.03851
v -0.45272 0.82776 -0.01252
v -0.37420 0.70805 0.02265
v 0.49267 0.86169 0.01756
v 0.51314 0.35959 0.09820
v 0.48659 0.43102 0.04568
v 0.00466 0.95005 -0.03687
v 0.02749 0.37150 0.08927
v -0.30556 0.46073 -0.01101
v 0.54664 0.12936 0.10123
v -0.44009 0.42649 -0.12453
v 0.48272 0.67189 0.00974
v 0.51890 0.37346 0.05392
v 0.04801 0.44495 -0.04531
v -0.52727 0.78571 0.12509
v -0.07122 0.66326 0.11549
v -0.41366 0.66363 0.20623
v 0.50104 0.30878 0.10370
v -0.03225 0.46750 0.14354
v -0.56512 0.36611 0.07755
v 0.10860 0.37719 0.00011
v 0.02036 0.39884 -0.00288
v -0.40168 0.84333 0.07073
v -0.08752 0.53353 0.13049
v 0.01395 0.61183 -0.07733
v 0.09221 0.28845 -0.00931
v 0.42822 0.37728 0.05142
v 0.48984 0.82376 0.00255
v 0.44749 0.14792 -0.09677
v -0.00513 0.56091 0.03171
v 0.41807 0.29521 0.08765
v 0.06662 0.15478 0.01111
v -0.40816 0.57918 -0.09301
v 0.06522 0.23627 0.00160
v 0.53631 0.40585 -0.05525
v -0.41324 0.23513 0.05672
v 0.55693 0.26155 0.07149
v 0.15945 0.53313 -0.01378
v 0.48127 0.39079 0.00189
v 0.11786 0.61983 -0.11267
v 0.45757 0.64612 0.02272
v -0.41831 0.78929 0.05249
v 0.08466 0.51113 0.03992
v -0.46050 0.40645 -0.05136
v -0.31163 0.57209 0.15691
v 0.60009 0.33155 -0.01439
v 0.51983 0.68995 0.00218
v 0.54327 0.39793 0.12327
v 0.49461 0.21234 0.00863
v 0.39403 0.22536 -0.04477
v 0.16556 0.44641 0.13352
v -0.43859 0.73572 0.00749
v 0.19236 0.70409 0.01891
v 0.52455 0.60005 0.04044
v 0.48569 0.72477 0.00928
v -0.30540 0.54316 0.15402
v -0.00085 0.64569 -0.10550
v -0.41008 0.62154 0.15837
v 0.46680 0.53159 0.02988
v -0.25599 0.43701 0.17153
v 0.48632 0.64151 0.01250
v 0.09661 0.74120 -0.01295
v -0.42523 0.41320 0.03388
v -0.47233 0.43087 0.01939
v -0.41622 0.64845 0.06384
v 0.00685 0.76811 0.12372
v -0.42048 0.21255 0.04825
v 0.38307 0.33446 -0.01994
v 0.12829 0.38278 -0.03349
v 0.04893 0.17749 0.00900
v 0.47344 0.54810 0.01490
v 0.13905 0.44877 -0.02546
v 0.45116 0.27951 0.05289
v 0.46890 0.85409 0.01364
v -0.42808 0.51586 -0.00733
v 0.02018 0.44622 0.04866
v 0.14473 0.44547 -0.05425
v 0.46351 0.45889 0.01500
v -0.38918 0.39870 -0.01878
v 0.05917 0.58569 0.00439
v 0.12100 0.38645 -0.02355
v -0.19158 0.50398 0.16458
v 0.07533 0.45695 -0.04136
v 0.14422 0.87562 -0.06220
v -0.43274 0.84438 0.04112
v 0.11350 0.69962 -0.01360
v 0.48686 0.33760 0.01561
v 0.06362 0.67224 0.11520
v 0.48917 0.89233 0.00647
v 0.51530 0.23674 0.04047
v 0.40596 0.22804 0.02165
v 0.05915 0.83480 0.00015
v 0.10223 0.61256 -0.07635
v 0.07303 0.79369 0.00501
v 0.50567 0.54807 -0.03056
v 0.06132 0.93531 0.00394
v -0.41447 0.43275 0.05330
v 0.11932 0.87951 -0.04724
v 0.48571 0.75795 0.01103
v 0.15635 0.59252 0.12332
v -0.51881 0.69139 0.07651
v -0.37629 0.45410 0.02985
v 0.13286 0.28602 0.04172
v -0.35540 0.59436 0.19164
v 0.05503 0.32350 -0.07650
v -0.00058 0.86776 -0.00125
v -0.38319 0.68118 0.18961
v -0.41296 0.48451 -0.09350
v 0.49292 0.45696 0.05156
v 0.03492 0.48028 -0.00721
v 0.17123 0.47978 0.13807
v 0.09138 0.37101 -0.00263
v 0.38465 0.25777 0.03949
v 0.48142 0.74751 -0.00217
v 0.46831 0.20299 -0.05943
v 0.39359 0.36898 0.08003
v -0.04443 0.58825 0.04198
v 0.00790 0.65130 -0.06251
v 0.50668 0.18360 -0.08905
v 0.10451 0.55288 0.11486
v 0.45783 0.16549 0.04997
v -0.38729 0.75810 0.06914
v 0.17815 0.45340 0.12539
v -0.35442 0.62696 0.02502
v 0.62984 0.43054 0.03714
v -0.03336 0.46491 0.11382
v -0.37806 0.66810 -0.04294
v -0.46621 0.43623 0.17988
v 0.04305 0.72233 0.00155
v 0.09138 0.57965 0.12516
v 0.51262 0.18621 -0.03690
v 0.48313 0.71082 0.00476
v 0.55269 0.35321 0.09819
v 0.53954 0.39867 0.02600
v 0.41451 0.22759 -0.02238
v 0.08349 0.93312 0.02889
v 0.48662 0.05298 0.01915
v 0.11239 0.71930 0.09842
v -0.37214 0.77279 -0.00760
v 0.02055 0.98804 0.02821
v -0.00253 0.93515 -0.03617
v 0.10382 0.65322 -0.06703
v -0.46169 0.54172 0.08107
v 0.01816 0.82224 0.10519
v 0.49589 0.49109 -0.02531
v 0.02140 0.61050 0.08242
v 0.40684 0.27280 -0.05114
v 0.41736 0.22222 -0.00420
v 0.07810 0.65551 0.07615
v 0.49243 0.19904 0.01432
v 0.09528 0.54851 0.00804
v 0.49468 0.63117 0.00664
v 0.04261 0.35413 0.04443
v 0.45881 0.47776 0.04378
v 0.05854 0.81170 -0.02134
v 0.47500 0.50950 0.02655
v 0.52617 0.49569 -0.05579
v -0.31349 0.55310 0.03706
v 0.08496 0.57820 -0.09247
v 0.22131 0.53558 -0.03925
v -0.37984 0.61272 -0.02256
v -0.41864 0.70052 0.09764
v -0.38129 0.34326 0.01788
v -0.37550 0.82651 0.06642
v -0.46894 0.43172 -0.08850
v -0.43455 0.72509 0.05577
v 0.49151 0.14376 -0.04547
v 0.55436 0.56018 -0.04702
v -0.35656 0.55146 0.05861
v -0.43731 0.53340 0.18552
v 0.51897 0.12047 -0.05575
v -0.05099 0.61419 0.11117
v 0.49943 0.40870 -0.13563
v 0.06852 0.30285 -0.07357
v -0.44984 0.44152 0.13228
v -0.43227 0.82903 0.07559
v 0.00296 0.65410 0.01719
v -0.42828 0.86244 0.01053
v -0.44263 0.46844 0.04913
v 0.03278 0.29395 0.01366
v -0.55119 0.38190 0.13846
v 0.07884 0.93178 -0.04382
v -0.62649 0.54094 0.02485
v 0.05231 0.69779 0.07197
v -0.06253 0.58818 0.05446
v 0.46255 0.21590 0.00127
v -0.20541 0.46054 0.14250
v -0.52014 0.54558 -0.01292
v -0.32935 0.31929 -0.09741
v -0.35032 0.55402 0.04221
v -0.41949 0.82673 0.09397
v 0.57041 0.59628 -0.05301
v -0.46935 0.50085 -0.18553
v -0.49818 0.66162 0.07744
v -0.10984 0.52775 0.16654
v 0.14156 0.70078 -0.00359
v 0.44435 0.72575 -0.01952
v -0.06434 0.33279 -0.00066
v -0.33726 0.57476 0.03283
v -0.47431 0.54285 -0.02351
v 0.01698 0.39342 0.12192
v 0.03861 0.40679 0.08810
v 0.07192 0.83002 -0.02356
v 0.51932 0.11982 -0.05351
v -0.04570 0.51171 0.11533
v 0.07968 0.40647 0.08959
v -0.23202 0.47757 0.12299
v -0.38819 0.36509 0.00121
v 0.11577 0.47450 0.14634
v 0.06651 0.45458 0.00820
v 0.59905 0.08305 -0.05106
v 0.61390 0.45900 0.04470
v 0.04645 0.53024 0.01167
v 0.04637 0.74666 0.07128
v -0.50235 0.49636 -0.10631
v 0.15841 0.49523 -0.01119
v 0.47709 0.31279 0.00110
v 0.41038 0.25018 -0.00510
v -0.36805 0.71221 0.04294
v 0.59957 0.16784 0.11994
v -0.46090 0.75438 0.09560
v -0.39906 0.70673 -0.04709
v 0.44547 0.09397 0.03069
v -0.40598 0.83588 0.06941
v 0.49388 0.27150 -0.10540
v 0.52498 0.27811 0.12026
v 0.08739 0.62775 -0.02379
v 0.60132 0.15875 0.08017
v -0.41492 0.14328 0.05933
v -0.05447 0.67085 0.03978
v 0.05837 0.13863 -0.00407
v -0.41933 0.51191 0.03014
v -0.55753 0.61600 -0.02651
v 0.02617 0.38420 0.12827
v -0.24990 0.62697 0.01795
v -0.33680 0.57596 0.03066
v -0.06909 0.54775 -0.05939
v 0.48119 0.18150 0.03448
v 0.39143 0.45233 -0.06511
v 0.06308 0.27863 0.00020
v -0.44209 0.58099 0.05475
v 0.65266 0.24959 -0.09305
v 0.17915 0.68219 0.00086
v 0.04958 0.53060 0.01074
v 0.60572 0.24093 -0.08805
v 0.45950 0.31174 -0.00404
v -0.39018 0.43839 -0.02454
v 0.09638 0.44616 -0.08024
v 0.03408 0.72747 -0.11813
v -0.05350 0.55665 -0.08655
v 0.50455 0.26057 -0.09300
v -0.34528 0.32319 -0.04000
v 0.56466 0.39770 0.01316
v 0.17006 0.66680 0.00528
v 0.01890 0.82615 0.01723
v 0.04562 0.71879 0.15447
v -0.36999 0.75319 -0.05382
v 0.50604 0.75671 -0.05119
v 0.54173 0.38071 -0.00715
v 0.01129 0.85744 -0.02422
v -0.47462 0.58338 0.04379
v 0.48276 0.18285 0.03562
v 0.56419 0.42087 0.04051
v 0.05793 0.70035 0.14562
v 0.06025 0.43798 0.04219
v 0.42633 0.29563 0.03880
v -0.01684 0.30381 0.03424
v -0.42389 0.51318 0.01066
v -0.42044 0.14286 0.05980
v 0.06593 0.13367 0.01347
v 0.01726 0.31533 0.02558
v 0.52845 0.48284 0.02274
v 0.42759 0.51955 -0.06042
v 0.47480 0.05994 0.01167
v -0.02233 0.64428 -0.07386
v -0.07878 0.74128 0.02690
v 0.55848 0.43484 0.04641
v 0.05307 0.89038 0.04966
v 0.47663 0.22364 0.15303
v -0.36554 0.60518 0.14419
v 0.08519 0.77084 -0.00543
v -0.30297 0.62303 0.14742
v -0.41663 0.85628 0.09945
v 0.05629 0.33668 -0.00977
v 0.16559 0.46856 0.00483
v 0.49040 0.20945 0.07825
v 0.10088 0.40928 0.06861
v 0.49295 0.35655 0.04228
v -0.44855 0.58584 -0.02856
v -0.36735 0.86113 0.07553
v 0.05922 0.68821 0.13742
v -0.36767 0.70882 0.18607
v -0.50308 0.64027 0.18811
v 0.05206 0.50154 -0.18306
v -0.03106 0.53961 -0.03434
v -0.53089 0.71891 0.09791
v -0.37278 0.82367 0.06603
v -0.35961 0.69526 0.07311
v 0.08539 0.76082 0.04114
v -0.33305 0.47261 -0.02033
v -0.43485 0.40775 0.00674
v 0.39983 0.11152 0.01065
v -0.45579 0.38703 0.06438
v -0.34008 0.48864 0.00805
v 0.34136 0.23578 -0.00642
v 0.13874 0.67174 -0.15279
v 0.05278 0.73047 0.13444
v 0.57481 0.44738 0.00294
v 0.02105 0.84453 -0.02540
v -0.40578 0.61915 -0.08136
v 0.13157 0.36307 0.00083
v 0.13464 0.85864 0.06490
v -0.02974 0.74294 0.03236
v -0.00232 0.47681 0.00895
v 0.44977 0.16899 -0.02587
v -0.02060 0.72584 -0.11013
v 0.02492 0.75158 -0.03510
v 0.51594 0.35035 0.06719
v -0.48786 0.45366 0.00030
v -0.39965 0.58228 0.05212
v 0.33784 0.35175 -0.07899
v 0.06927 0.54991 0.02341
v -0.41654 0.89706 0.04700
v 0.59618 0.15048 -0.05736
v 0.03207 0.72030 0.07501
v 0.07149 0.95909 0.01131
v 0.05059 0.80092 -0.01845
v -0.41416 0.34290 0.05154
v 0.04184 0.76052 0.08157
v -0.00850 0.75699 0.08227
v 0.13639 0.73863 0.05365
v -0.29155 0.57358 0.20558
v -0.46657 0.67731 0.08936
v -0.35931 0.33951 -0.01971
v 0.53007 0.30966 -0.04106
v 0.08673 0.34780 -0.02031
v -0.01006 0.88402 0.03546
v 0.45245 0.17991 0.06753
v 0.34327 0.27776 -0.01078
v 0.11219 0.66778 -0.05799
v -0.33937 0.31341 -0.05643
v 0.02497 0.52829 -0.16867
v -0.42852 0.74097 0.05807
v -0.06803 0.28836 0.02716
v 0.46932 0.21586 0.00380
v -0.39371 0.86341 0.00806
v -0.00476 0.35671 0.08285
v -0.41936 0.63576 0.00932
v -0.36361 0.67666 0.07129
v -0.41994 0.23061 0.05933
v 0.51102 0.16260 -0.03907
v 0.04449 0.81210 -0.00652
v 0.05502 0.51534 0.00389
v -0.01302 0.43025 0.16285
v -0.49966 0.77215 -0.01001
v -0.47112 0.52866 0.03413
v 0.07149 0.87688 0.02676
v 0.13103 0.30364 -0.04038
v 0.08466 0.75841 0.03579
v -0.25002 0.66559 0.01563
v -0.58811 0.60661 0.01531
v -0.39329 0.82970 0.03516
v 0.05498 0.56469 0.01133
v 0.48212 0.61828 0.00709
v 0.08438 0.84792 0.04803
v 0.06734 0.49483 0.02636
v -0.47088 0.58406 0.03041
v -0.08898 0.62251 0.06478
v 0.47667 0.17578 0.05539
v -0.40242 0.86913 0.08201
v 0.01585 0.89641 0.00071
v 0.04943 0.53033 -0.19722
v 0.07284 0.81868 0.01473
v -0.29525 0.77470 0.08096
v 0.13249 0.69039 -0.03536
v -0.46596 0.61112 -0.03416
v -0.40030 0.55240 0.03979
v 0.06942 0.27689 -0.02925
v -0.42274 0.90659 0.03889
v 0.49673 0.57394 -0.03200
v 0.54755 0.20920 0.00840
v 0.38446 0.49655 0.03012
v 0.48388 0.26044 -0.08681
v -0.40690 0.50072 0.06804
v -0.41252 0.78976 0.00769
v 0.55079 0.39713 0.01692
v 0.39141 0.16043 0.03814
v -0.33547 0.41518 -0.05352
v 0.06873 0.99702 -0.00619
v -0.01862 0.60043 0.07794
v -0.49969 0.62445 0.10713
v 0.02182 0.40561 -0.03947
v 0.41893 0.27634 0.09219
v 0.45877 0.81492 -0.00955
v -0.43954 0.59984 0.15423
v 0.53460 0.11523 -0.06344
v -0.43436 0.57170 0.05368
v -0.37125 0.41861 -0.08117
v -0.13394 0.51021 -0.02973
v 0.03980 0.92536 0.00426
v -0.09872 0.60129 0.09725
v -0.41782 0.87200 -0.00585
v 0.50210 0.25562 -0.02255
v 0.47271 0.57428 0.01597
v 0.43734 0.49159 0.05032
v 0.10420 0.57908 0.14073
v 0.43393 0.23356 0.02169
v -0.44502 0.48105 0.09842
v 0.45751 0.45741 -0.01999
v 0.03222 0.63088 0.01557
v -0.42705 0.83042 0.03611
v -0.48750 0.45200 0.20125
v -0.32069 0.72841 0.10408
v 0.54788 0.17299 -0.02665
v 0.04741 0.45869 -0.06329
v 0.05151 0.32348 0.00342
v 0.02771 0.55587 0.01493
v 0.18006 0.42875 0.04873
v 0.50191 0.72745 0.04130
v 0.12087 0.49921 0.06369
v 0.46666 0.18028 0.06321
v 0.19221 0.51473 -0.02453
v -0.38600 0.54398 0.03305
v 0.06346 0.43795 0.00523
v 0.50005 0.23301 0.02771
v 0.00540 0.70027 0.02406
v -0.46339 0.47660 0.17207
v -0.32208 0.62014 0.06026
v 0.53671 0.15255 -0.08395
v 0.07354 0.86860 0.04511
v 0.06151 0.43312 0.01246
v -0.44722 0.49003 0.27237
v 0.09011 0.50305 -0.07372
v 0.08864 0.37376 -0.01952
v 0.46913 0.37390 0.08398
v -0.00950 0.49433 0.05062
v 0.05632 0.72088 0.00457
v 0.03392 0.53452 0.04727
v -0.35689 0.72804 0.09509
v -0.01845 0.51678 -0.02509
v -0.48447 0.70368 0.11220
v -0.35672 0.73637 0.01658
v 0.52858 0.64015 -0.00341
v 0.57287 0.06052 -0.04856
v -0.41689 0.54694 0.00055
v -0.00045 0.55701 0.03811
v 0.57874 0.12387 0.01969
v -0.48238 0.61218 0.03074
v 0.26263 0.13962 0.05589
v 0.51123 0.83147 0.01698
v 0.47982 0.50238 -0.03803
v 0.02071 0.51219 0.09336
v -0.36599 0.65882 0.20705
v 0.01037 0.79799 0.03390
v 0.02755 0.38025 0.07589
v 0.10054 0.27784 -0.06603
v 0.48634 0.21081 0.01730
v 0.02537 0.73935 -0.02843
v 0.41053 0.39420 0.04638
v 0.47746 0.03161 -0.00149
v 0.48272 0.25705 -0.05381
v 0.06654 0.14645 0.00146
v 0.48310 0.68792 0.00983
v 0.48985 0.31515 0.01459
v 0.10873 0.58089 0.14545
v -0.04170 0.47697 0.13616
v -0.45418 0.45116 -0.04456
v 0.49005 0.27264 0.00137
v 0.10117 0.33409 -0.06354
v 0.13058 0.61655 0.15707
v 0.12283 0.62919 0.16617
v 0.37996 0.37986 0.04092
v -0.61391 0.55351 -0.00964
v 0.14502 0.40608 -0.04632
v -0.29574 0.63763 0.16945
v 0.50102 0.42296 0.04625
v 0.05820 0.74019 0.00353
v 0.06385 0.83213 0.02012
v -0.46012 0.41995 -0.06236
v -0.40793 0.91641 0.04582
v 0.01381 0.53867 -0.01796
v 0.05029 0.26097 0.00397
v 0.47412 0.53203 0.03948
v -0.43063 0.79101 0.06184
v 0.03404 0.71134 0.04916
v 0.02481 0.66844 0.04510
v -0.44953 0.60321 0.08772
v 0.05080 0.31101 0.00918
v 0.14232 0.73921 0.05234
v 0.15586 0.41726 0.04631
v 0.57382 0.15927 -0.14561
v 0.04218 0.70150 0.05332
v 0.01610 0.61041 -0.01379
v -0.23244 0.49404 -0.05633
v 0.13121 0.78942 -0.00690
v -0.44333 0.82084 0.08633
v -0.42206 0.47313 0.05353
v -0.35505 0.55618 -0.06309
v 0.34688 0.10886 0.03741
v 0.39504 0.32993 0.11180
v -0.50328 0.47694 0.00044
v -0.35990 0.66108 0.09013
v 0.12755 0.38086 -0.03435
v 0.05134 0.14843 0.01429
v -0.60914 0.44790 0.12802
v 0.06358 0.78740 0.00388
v 0.15443 0.50935 -0.01123
v 0.11338 0.65175 -0.06156
v 0.60161 0.19220 -0.04819
v 0.55699 0.56535 -0.03429
v 0.14215 0.62226 0.04059
v 0.02129 0.47418 0.01535
v -0.22653 0.43635 0.16214
v 0.00136 0.68254 -0.05377
v 0.50300 0.28820 0.00697
v 0.00641 0.89671 0.02706
v -0.39656 0.59850 0.11588
v 0.48461 0.80448 0.01173
v 0.05008 0.01933 -0.00287
v -0.52856 0.65746 0.15037
v 0.56194 0.56258 -0.03515
v 0.09444 0.58502 0.00674
v -0.49221 0.59723 0.04480
v -0.29366 0.41323 0.03527
v 0.49087 0.13181 -0.03622
v 0.48749 0.66493 0.00219
v 0.00919 0.50060 0.07591
v 0.48101 0.46277 0.12169
v 0.62403 0.44444 0.01593
v 0.34555 0.29611 -0.04455
v 0.55127 0.52747 0.05949
v -0.02236 0.33573 0.02166
v 0.15288 0.75443 0.01832
v -0.04568 0.46841 0.12504
v -0.43001 0.67789 -0.00225
v 0.02177 0.60263 -0.03828
v 0.14623 0.66971 0.08353
v -0.24312 0.49976 -0.09578
v -0.04744 0.75180 -0.08871
v 0.51446 0.52384 0.00785
v -0.02290 0.68126 -0.08543
v -0.40088 0.90339 0.08190
v 0.47276 0.16321 -0.06468
v 0.07325 0.52596 -0.02873
v 0.00286 0.77893 0.10913
v 0.04112 0.35099 0.06866
v -0.03884 0.59217 0.03511
v 0.04520 0.63964 0.04303
v 0.05872 0.77313 -0.01962
v 0.02345 0.79493 -0.13059
v 0.05413 0.44735 -0.07514
v 0.37988 0.38603 -0.05884
v -0.38298 0.75139 0.07962
v -0.33327 0.51672 -0.04383
v -0.41662 0.75034 0.15007
v -0.01554 0.45354 0.09614
v 0.15089 0.61201 -0.03822
v 0.06631 0.37743 -0.06787
v -0.40520 0.75597 0.13774
v -0.26574 0.52638 -0.00060
v 0.41270 0.52867 -0.01200
v 0.38587 0.37244 -0.01459
v -0.00392 0.64454 0.00371
v 0.48636 0.32165 0.02128
v 0.05765 0.88778 -0.01188
v 0.51372 0.35110 0.09278
v 0.05119 0.39370 0.10012
v 0.04137 0.72163 -0.11128
v 0.57209 0.27335 -0.01649
v 0.08726 0.47704 -0.17712
v -0.22860 0.50239 -0.04578
v -0.01430 0.60232 0.00580
v 0.43275 0.11912 0.03415
v 0.02779 0.70917 -0.06207
v -0.29542 0.64975 0.20499
v 0.13852 0.61970 -0.13539
v 0.49010 0.08276 -0.00175
v -0.36400 0.74304 -0.08741
v -0.38619 0.78633 -0.00165
v 0.02895 0.73082 -0.06450
v -0.54197 0.61843 -0.01845
v 0.05676 0.60415 0.05829
v 0.01230 0.46233 0.05298
v -0.00692 0.46558 -0.07989
v 0.00090 0.51609 0.01917
v 0.64605 0.38162 -0.02942
v 0.04197 0.90090 -0.02944
v 0.34571 0.14920 -0.01268
v 0.06538 0.59292 -0.02463
v -0.33170 0.54796 0.15506
v 0.49669 0.20126 0.12971
v 0.46483 0.87738 -0.00551
v -0.45473 0.63191 0.07586
v -0.44514 0.68471 0.02079
v -0.68541 0.41356 0.10759
v -0.01606 0.60521 -0.03375
v 0.20153 0.46335 -0.06609
v 0.09138 0.71605 0.00030
v -0.45667 0.69144 0.01882
v -0.10060 0.30869 0.05887
v -0.00895 0.75108 -0.12237
v 0.38142 0.38810 0.12988
v 0.47183 0.72744 -0.03279
v 0.07949 0.63023 0.07912
v 0.04372 0.62027 -0.00488
v 0.09135 0.74510 0.00371
v 0.04839 0.36398 0.05784
v -0.41051 0.82098 0.02872
v 0.11448 0.60113 0.15854
v 0.43375 0.28519 0.05255
v -0.25743 0.58324 0.04021
v 0.49808 0.47316 0.08402
v -0.32794 0.78569 0.06417
v 0.47332 0.29224 0.06330
v 0.50476 0.24488 0.02929
v -0.56112 0.42934 0.03469
v 0.12571 0.75298 -0.03428
v -0.11531 0.47258 -0.03219
v 0.19361 0.47446 0.15367
v 0.56096 0.36354 -0.03358
v -0.39993 0.58734 0.08663
v -0.05455 0.62768 0.07265
v 0.54072 0.50192 0.05857
v 0.50625 0.36962 -0.07344
v 0.60406 0.14426 -0.08018
v 0.10318 0.64949 -0.04721
v -0.41715 0.85040 0.06337
v -0.21806 0.54111 -0.05757
v 0.11043 0.47656 -0.01679
v 0.01820 0.82893 0.01139
v 0.51857 0.37222 0.03229
v -0.00842 0.56120 0.04614
v 0.37551 0.28322 -0.04648
v 0.10386 0.80404 0.05037
v -0.46422 0.49466 -0.15863
v 0.40150 0.41232 0.02650
v -0.48224 0.46856 0.04275
v 0.01445 0.80993 -0.01705
v 0.16891 0.63460 0.00021
v 0.42769 0.11868 0.00159
v 0.11083 0.34152 0.06600
v 0.03137 0.36896 0.08180
v 0.02163 0.74331 -0.09624
v 0.10127 0.64830 0.14851
v 0.09138 0.91039 -0.01271
v 0.13134 0.30843 -0.04401
v 0.51708 0.46150 0.06034
v -0.42945 0.80892 0.09748
v -0.42382 0.75824 0.06155
v 0.47649 0.51894 -0.05343
v 0.50464 0.42322 0.12633
v 0.44523 0.27721 0.05307
v -0.01784 0.28501 0.02913
v -0.43345 0.88232 0.12300
v 0.11855 0.64513 0.18548
v 0.58479 0.56394 -0.04986
v 0.46235 0.45887 0.07050
v 0.01396 0.86877 0.05688
v -0.29173 0.35927 -0.13717
v 0.09340 0.46428 0.00133
v -0.46524 0.61168 -0.07494
v 0.06063 0.74040 0.09130
v 0.54248 0.11875 -0.04735
v 0.13545 0.31133 0.05135
v 0.50064 0.53802 -0.01765
v 0.05668 0.64037 0.00434
v -0.40630 0.74967 0.09946
v 0.07262 0.43558 -0.13420
v -0.37478 0.76890 -0.00096
v -0.40450 0.57374 -0.04134
v -0.50857 0.59430 0.09735
v 0.41424 0.42201 -0.08637
v -0.05996 0.67545 0.06014
v 0.10246 0.70147 -0.03613
v -0.23983 0.45463 0.15243
v 0.42140 0.15162 -0.07374
v 0.03387 0.72047 0.07476
v 0.11746 0.63809 -0.07869
v 0.14536 0.48190 0.16972
v 0.03454 0.54496 0.04857
v 0.08759 0.62355 -0.03048
v 0.05919 0.38693 -0.05903
v 0.48623 0.68249 -0.01823
v 0.09802 0.30996 0.03002
v 0.52747 0.60721 0.05346
v 0.48973 0.17417 0.08063
v 0.46710 0.68147 -0.01880
v 0.01931 0.68687 0.00908
v -0.37639 0.85725 0.05750
v -0.40131 0.45395 0.04293
v 0.04586 0.44782 -0.05046
v 0.55941 0.40681 0.05186
v -0.30137 0.48897 0.11884
v -0.48248 0.85474 0.07340
v 0.02199 0.71099 0.02950
v -0.00203 0.90512 -0.03772
v -0.39049 0.40706 0.06078
v -0.06890 0.40896 -0.00964
v 0.02878 0.90953 0.02146
v 0.12249 0.48954 -0.03408
v -0.30831 0.45349 -0.01541
v -0.43898 0.43450 -0.01801
v 0.52420 0.36107 0.07151
v 0.40629 0.40800 0.03740
v -0.33812 0.55663 0.15891
v 0.04945 0.73754 0.16665
v -0.00178 0.58804 0.05398
v 0.47927 0.18510 -0.06320
v -0.48373 0.43468 0.13090
v -0.57408 0.37465 0.09649
v -0.05896 0.52965 0.19745
v 0.48193 0.23387 0.01620
v 0.02129 0.52248 0.03100
v 0.09257 0.57539 0.09778
v 0.05208 0.68989 0.05432
v -0.42180 0.64450 -0.13645
v -0.58265 0.53811 0.03845
v 0.19978 0.35216 0.09097
v 0.35382 0.33652 0.12414
v 0.09397 0.71529 0.00422
v -0.02608 0.57107 -0.08256
v 0.53330 0.13260 0.03429
v 0.45643 0.18587 0.08278
v 0.02827 0.77773 -0.09546
v 0.58176 0.12173 -0.10924
v 0.09143 0.77041 0.04266
v 0.47096 0.33750 -0.00464
v 0.11913 0.57985 0.01884
v 0.48697 0.84670 0.00746
v -0.42040 0.67549 -0.11524
v -0.41281 0.24863 0.05226
v 0.08784 0.66086 -0.08094
v 0.04035 0.53972 0.01453
v -0.46668 0.44766 0.03407
v 0.01494 0.64607 0.02693
v -0.35297 0.47217 0.04994
v -0.02147 0.72322 -0.10871
v -0.53988 0.65624 -0.01218
v -0.49050 0.69030 0.00980
v 0.08705 0.56452 0.00958
v -0.36640 0.55525 0.16151
v 0.08992 0.65782 -0.02126
v -0.46347 0.78035 0.06040
v 0.46044 0.65655 0.00353
v -0.04110 0.59767 0.03421
v -0.40966 0.54447 0.05412
v 0.50499 0.58475 0.04087
v 0.07918 0.69348 0.00914
v 0.58111 0.21036 -0.05153
v 0.56488 0.39951 0.02253
v 0.09407 0.36771 -0.01439
v 0.11720 0.52408 0.09226
v -0.57404 0.38060 0.07019
v 0.33944 0.28764 -0.00197
v 0.05918 0.43595 -0.09513
v -0.27498 0.48962 -0.03994
v -0.38559 0.34972 0.01618
v 0.47770 0.35912 0.00897
v -0.48934 0.46525 0.19707
v 0.48649 0.51297 0.11044
v 0.08949 0.56251 0.12851
v 0.36568 0.21233 0.13437
v 0.15143 0.40948 0.04278
v 0.52615 0.49354 -0.05320
v -0.33986 0.31223 -0.07802
v 0.47185 0.62637 0.02633
v 0.09930 0.62240 0.15241
v 0.00158 0.63577 -0.06189
v 0.04496 0.68256 0.15608
v 0.14883 0.59724 0.02447
v -0.00017 0.48630 -0.10672
v -0.46336 0.80923 0.04508
v -0.01513 0.64821 -0.04250
v 0.46788 0.12439 0.00582
v 0.01693 0.46995 -0.05623
v 0.50816 0.35784 -0.05410
v 0.47810 0.66783 -0.03706
v -0.00722 0.51921 -0.04502
v -0.09594 0.65157 -0.05556
v -0.46333 0.60450 0.07653
v 0.08798 0.61703 0.07808
v 0.06938 0.53628 -0.04764
v -0.46449 0.62523 0.01341
v -0.35676 0.72000 0.21977
v -0.31156 0.50417 -0.00123
v 0.05655 0.60075 0.05003
v 0.53508 0.40392 -0.13456
v -0.41453 0.85177 0.04463
v 0.51056 0.26500 -0.10478
v 0.06380 0.54978 -0.02432
v -0.03487 0.54187 0.14860
v 0.45575 0.25436 0.09218
v -0.39042 0.71223 -0.00607
v 0.55060 0.68535 0.01288
v 0.04017 0.77576 -0.02256
v 0.13035 0.70373 -0.02951
v 0.04889 0.43637 -0.03893
v 0.05638 0.50271 -0.12988
v -0.11845 0.65919 0.10900
v 0.04629 0.81452 0.06799
v 0.04715 0.82338 -0.04364
v -0.41452 0.52653 0.19976
v -0.39768 0.57578 -0.06486
v -0.40351 0.72816 0.13065
v 0.11336 0.67848 -0.12720
v -0.39620 0.81582 0.03789
v 0.68993 0.30609 -0.09772
v -0.51361 0.60981 0.12051
v -0.42718 0.66847 0.04331
v -0.09312 0.76428 0.02815
v 0.53577 0.33584 0.00877
v 0.05461 0.97348 -0.01192
v 0.08128 0.56018 -0.00454
v -0.44966 0.43014 0.13686
v 0.02343 0.58363 0.07471
v -0.42485 0.83372 0.01349
v 0.53160 0.10858 -0.04114
v 0.53208 0.65433 0.00791
v -0.51349 0.53259 0.03683
v 0.48719 0.30806 -0.02430
v 0.51327 0.30895 -0.09695
v -0.47769 0.48061 0.18017
v -0.03753 0.49279 0.11499
v 0.07051 0.58628 -0.09309
v 0.04555 0.43687 0.08874
v 0.09717 0.61662 0.07801
v -0.46989 0.73216 -0.01013
v -0.39753 0.74265 0.06448
v -0.03326 0.57169 0.03802
v -0.47508 0.45411 -0.08061
v 0.48272 0.09685 0.01823
v 0.12707 0.48036 -0.00867
v -0.33007 0.51810 0.14318
v -0.29121 0.41038 0.14737
v -0.35500 0.48685 -0.04663
v -0.41745 0.35790 0.05892
v 0.04279 0.76091 0.09798
v 0.56445 0.43833 -0.14046
v -0.04347 0.59214 0.08784
v 0.08508 0.51845 -0.22185
v 0.47548 0.86968 0.02648
v 0.06016 0.80758 -0.01299
v 0.00913 0.90266 -0.00095
v -0.43835 0.56759 0.03447
v -0.45787 0.46781 -0.01974
v 0.48358 0.57378 0.00962
v -0.40059 0.51223 0.03156
v 0.38072 0.23174 -0.01169
v 0.47832 0.48852 -0.00790
v 0.55138 0.53460 -0.02360
v 0.53064 0.39386 0.12845
v -0.52175 0.48999 0.02197
v 0.12812 0.48337 0.01710
v 0.42351 0.38394 0.05363
v 0.08657 0.30854 0.02228
v 0.11234 0.33305 -0.06053
v -0.40041 0.50778 0.03043
v -0.25051 0.62115 0.02007
v 0.08581 0.52718 0.08720
v 0.05157 0.20345 -0.00044
v 0.49348 0.18588 0.01222
v -0.37202 0.69970 0.06059
v 0.05525 0.88061 -0.01210
v 0.39717 0.19796 0.04121
v 0.41231 0.25658 -0.04057
v 0.15379 0.43828 0.10643
v 0.55629 0.38008 -0.12110
v 0.64841 0.14658 0.09352
v 0.50705 0.68923 -0.01533
v 0.11906 0.53419 0.00230
v 0.54772 0.10776 -0.06590
v -0.47270 0.62676 0.07458
v -0.04352 0.31814 -0.01023
v -0.48200 0.83788 0.05805
v 0.07342 0.49308 0.10573
v 0.39215 0.16540 0.00094
v 0.53020 0.37971 0.02541
v 0.46987 0.62650 0.00940
v 0.06661 0.58099 0.08723
v 0.01447 0.51045 -0.03930
v 0.01887 0.68193 0.05259
v 0.54467 0.39085 0.01941
v 0.35295 0.34485 -0.07045
v -0.02784 0.55251 -0.07661
v 0.12819 0.62791 0.02682
v -0.42810 0.74008 0.13825
v -0.43752 0.52077 0.22647
v -0.53077 0.62607 0.02597
v 0.06415 0.07191 -0.00278
v 0.47931 0.40671 0.01139
v 0.50912 0.36771 0.10775
v -0.43968 0.53263 0.07822
v 0.37830 0.39685 0.06226
v -0.02210 0.52662 -0.02858
v 0.02884 0.63221 -0.02884
v 0.12575 0.55231 0.00419
v 0.04356 0.93825 0.01313
v 0.56480 0.51519 0.04586
v -0.38072 0.82274 0.05007
v 0.48478 0.28284 -0.16995
v 0.02130 0.78614 -0.10009
v -0.52695 0.73725 0.13548
v 0.07231 0.61411 0.09267
v -0.08325 0.45739 -0.01250
v 0.12488 0.57636 -0.01220
v 0.12263 0.77505 -0.02388
v 0.06187 0.84964 -0.01161
v -0.29223 0.40876 0.14245
v 0.49674 0.34307 -0.02294
v 0.69602 0.15036 0.12425
v 0.45185 0.11380 0.01264
v 0.08719 0.58234 -0.09266
v -0.49603 0.45443 -0.04914
v -0.41291 0.69937 0.02369
v -0.07614 0.74383 -0.00420
v -0.40179 0.83108 0.06527
v -0.37495 0.67059 -0.05211
v 0.03442 0.85016 -0.06096
v 0.04192 0.40573 0.00662
v -0.39577 0.72487 0.02838
v 0.60589 0.24614 -0.09017
v -0.00500 0.51554 -0.07076
v -0.36346 0.57912 0.17730
v 0.06373 0.49289 -0.21547
v 0.24526 0.59889 -0.04382
v 0.61832 0.19776 -0.15732
v 0.56339 0.52973 0.04212
v 0.07554 0.90103 0.06126
v 0.06778 0.87256 0.03426
v 0.40444 0.23036 0.02270
v -0.10406 0.31302 0.03080
v 0.40630 0.37081 -0.03794
v -0.43236 0.45180 -0.06409
v 0.05866 0.71568 -0.06739
v 0.11100 0.74558 -0.04040
v 0.04748 0.10204 0.00799
v 0.54762 0.54861 -0.04650
v -0.50737 0.35789 0.10321
v 0.05455 0.79173 -0.02989
v 0.05456 0.39978 0.01277
v 0.05418 0.25082 0.01419
v -0.30310 0.54176 0.04331
v 0.42050 0.37725 0.07168
v 0.04823 0.07460 0.01070
v -0.45615 0.50695 0.15066
v 0.43758 0.63055 0.07298
v 0.14145 0.73690 -0.10324
v 0.46892 0.30296 -0.00048
v -0.40366 0.36309 0.02138
v -0.34080 0.69852 0.19933
v -0.44963 0.57213 0.03519
v 0.38356 0.22194 0.03342
v 0.02939 0.32877 -0.06985
v 0.41172 0.35914 -0.03852
v 0.48915 0.69141 -0.07409
v 0.49795 0.40758 -0.06746
v 0.42529 0.48170 -0.00312
v -0.53457 0.63760 0.11950
v 0.07379 0.90658 0.04505
v 0.05619 0.42090 -0.02364
v -0.41445 0.80038 0.03874
v 0.12124 0.41238 -0.03620
v -0.44097 0.40904 -0.00907
v 0.16318 0.72343 0.05620
v 0.06206 0.86524 -0.05655
v 0.10535 0.41026 -0.08898
v 0.62531 0.24524 -0.07183
v 0.04965 0.36490 0.04704
v 0.45291 0.14580 -0.09097
v 0.09518 0.78142 0.04791
v 0.05913 0.46766 -0.18559
v 0.44966 0.68118 0.01411
v 0.07194 0.62540 -0.07617
v 0.45571 0.27227 0.04363
v 0.15422 0.30998 0.05558
v 0.03104 0.36945 0.08073
v 0.13822 0.80280 -0.01081
v -0.00231 0.93133 0.03962
v 0.48005 0.42633 0.00509
v 0.18361 0.48511 -0.06123
v 0.45950 0.11884 0.01408
v 0.49972 0.80168 -0.01409
v -0.59909 0.54651 0.05016
v 0.41310 0.42395 -0.07871
v 0.30146 0.12753 0.04307
v 0.48634 0.54264 0.01381
v 0.01786 0.41013 -0.04169
v 0.49510 0.91014 0.01372
v -0.43479 0.64607 0.10913
v 0.06963 0.55171 0.09356
v 0.09225 0.55969 0.10010
v -0.37326 0.74769 0.04529
v 0.54608 0.52097 0.00672
v 0.44337 0.49782 0.02071
v 0.47062 0.63975 -0.00228
v 0.46438 0.60201 0.07375
v 0.07788 0.54388 0.06099
v 0.45680 0.17996 0.06554
v 0.45753 0.43317 -0.01873
v -0.05799 0.45643 -0.00663
v 0.03062 0.89881 0.09141
v 0.63945 0.17779 0.09869
v 0.48527 0.79133 0.05299
v 0.05287 0.48989 -0.18491
v 0.12284 0.71644 -0.07817
v 0.52827 0.13144 0.03166
v 0.13573 0.49033 0.02141
v 0.59958 0.31089 0.15153
v 0.58848 0.58435 -0.04364
v -0.37433 0.61589 0.02141
v -0.00933 0.64474 0.08486
v -0.47321 0.38190 0.03539
v 0.47174 0.64304 0.00331
v -0.49277 0.49455 0.05658
v 0.39488 0.49134 -0.13497
v -0.44901 0.81850 0.08927
v -0.46718 0.57187 0.04648
v -0.36277 0.63661 0.17593
v 0.12523 0.58988 0.04930
v 0.38621 0.35185 0.09169
v -0.45460 0.43723 0.00171
v 0.48225 0.08586 0.01817
v 0.06438 0.60778 -0.00637
v 0.05702 0.73460 0.00714
v 0.01910 0.76312 0.10899
v 0.47281 0.59565 0.01708
v -0.01732 0.55648 -0.07286
v 0.05856 0.88124 -0.01108
v -0.02385 0.40320 -0.00001
v 0.47725 0.76102 0.00424
v 0.53759 0.12794 0.02678
v 0.03893 0.39886 0.07988
v -0.58811 0.65829 0.00278
v -0.49968 0.46238 -0.05661
v -0.27730 0.63786 0.04410
v 0.03249 0.73074 -0.00531
v 0.12388 0.52934 0.00187
v 0.06476 0.31389 0.01042
v 0.53555 0.12698 -0.09831
v 0.38260 0.40674 0.07827
v -0.41438 0.40174 0.05264
v -0.41796 0.09867 0.04610
v -0.06356 0.45668 -0.01589
v 0.50096 0.53724 -0.01702
v -0.46075 0.37239 0.06241
v -0.44960 0.83095 0.06958
v 0.43233 0.24294 0.14673
v -0.26464 0.60939 0.02783
v 0.28328 0.16848 0.00634
v -0.38011 0.61321 -0.01162
v -0.04798 0.58436 0.06682
v -0.40611 0.37455 0.01919
v 0.15481 0.41948 0.01099
v -0.54063 0.41177 0.04308
v -0.49746 0.47873 0.04463
v 0.46514 0.27703 -0.04306
v -0.44074 0.66293 0.10274
v 0.54992 0.23859 0.06114
v 0.36384 0.11315 0.02779
v -0.47149 0.62086 -0.03919
v 0.05425 0.55426 0.09276
v -0.41662 0.61813 0.05650
v 0.11567 0.71155 -0.09115
v -0.37658 0.51771 0.09441
v -0.33764 0.51897 0.13770
v 0.12788 0.60702 -0.00495
v 0.23772 0.70698 0.03233
v 0.05081 0.29849 0.00957
v 0.47154 0.73311 -0.00854
v 0.03044 0.74175 -0.00089
v 0.01676 0.74814 0.11830
v 0.04923 0.11295 0.01187
v -0.47738 0.75820 0.08734
v -0.41752 0.34077 0.04926
v 0.52372 0.47579 -0.03068
v 0.54075 0.53894 -0.04840
v -0.33489 0.69924 0.10676
v 0.43150 0.10813 0.01661
v -0.40306 0.39814 0.06377
v -0.47755 0.83085 0.08363
v 0.05604 0.45089 -0.10242
v 0.12321 0.40981 0.08544
v 0.07120 0.47224 -0.12136
v -0.60069 0.36203 0.08869
v 0.52850 0.48558 -0.06808
v 0.47241 0.17938 0.03745
v 0.10623 0.82125 -0.02884
v -0.43070 0.41060 0.01586
v 0.01306 0.62533 -0.06297
v 0.57155 0.14940 -0.13871
v -0.41564 0.57343 -0.07814
v 0.13045 0.41145 0.02066
v -0.48145 0.41968 0.29798
v 0.10298 0.62426 -0.15786
v 0.58708 0.29597 0.07456
v 0.09739 0.78351 0.05067
v 0.49987 0.69725 -0.03448
v 0.59903 0.28647 0.13518
v -0.42329 0.52789 0.01869
v 0.02414 0.58893 -0.01190
v -0.36940 0.46017 0.01689
v 0.45258 0.32161 0.04911
v -0.41065 0.02020 0.05167
v 0.05804 0.80299 -0.02100
v -0.38535 0.86210 0.06198
v 0.02865 0.47431 -0.18661
v -0.28724 0.33988 -0.08726
v -0.33977 0.54617 0.15036
v 0.38670 0.25827 -0.00618
v -0.00787 0.48788 0.05111
v 0.48284 0.76161 0.00647
v -0.28686 0.45580 0.11631
v 0.51020 0.37685 -0.11416
v -0.47445 0.65153 0.09430
v 0.12781 0.70994 -0.02331
v 0.55881 0.43994 0.04621
v 0.01203 0.61840 -0.05084
v 0.05529 0.67131 0.11685
v -0.46301 0.46670 0.04375
v 0.04341 0.72207 -0.00408
v -0.26807 0.32262 -0.16958
v 0.05169 0.45248 -0.07526
v 0.49151 0.29145 0.01350
v 0.46738 0.20100 0.13465
v -0.07046 0.45584 -0.01932
v -0.41768 0.49172 0.05136
v 0.47129 0.82775 0.00869
v 0.53814 0.23180 0.05174
v 0.41277 0.42496 -0.07886
v -0.05899 0.58001 -0.04900
v 0.44670 0.72264 -0.01670
v -0.48436 0.43585 -0.06928
v 0.35559 0.47661 0.09039
v 0.52205 0.54752 -0.04634
v -0.36324 0.74463 0.08971
v -0.38353 0.69383 -0.00688
v -0.44049 0.78624 0.05384
v 0.43130 0.36490 0.00351
v 0.09283 0.64649 0.00781
v -0.08489 0.73980 0.02032
v 0.12426 0.82841 -0.03642
v -0.50554 0.51683 0.21519
v -0.38061 0.61792 0.15618
v -0.38089 0.69114 -0.05132
v 0.49696 0.10897 -0.00465
v 0.59448 0.32840 -0.01368
v 0.03029 0.69324 -0.02030
v 0.45575 0.63953 0.05800
v -0.09224 0.51706 -0.02388
v 0.13120 0.81789 -0.02954
v 0.05903 0.37873 0.11825
v 0.20902 0.46097 -0.04276
v 0.49386 0.26843 0.00777
v 0.01863 0.81403 0.01146
v -0.35317 0.32671 -0.01124
v 0.04272 0.60390 -0.00510
v -0.50563 0.63001 0.18726
v 0.46609 0.18163 0.05073
v 0.60228 0.21838 -0.05748
v 0.21077 0.54519 -0.02370
v 0.48328 0.60556 -0.01393
v -0.37125 0.63703 0.17643
v 0.47806 0.28000 -0.16698
v 0.52067 0.14682 0.03881
v -0.39301 0.87434 0.00306
v 0.48969 0.51459 0.01215
v 0.07498 0.85622 -0.00224
v 0.09082 0.73042 -0.01558
v -0.04505 0.64029 0.05159
v 0.48175 0.32850 -0.12738
v -0.06823 0.59975 0.08358
v -0.00595 0.73779 0.08077
v 0.00961 0.66071 -0.08153
v 0.01777 0.66841 -0.05099
v -0.38024 0.50815 0.10009
v 0.08732 0.75121 0.02509
v 0.49255 0.09589 -0.00052
v 0.04303 0.79189 0.09440
v 0.05846 0.27665 -0.00174
v 0.11595 0.66763 -0.02531
v 0.38583 0.21749 0.04442
v 0.02020 0.73615 0.08079
v -0.07658 0.40999 -0.00876
v 0.04222 0.44958 0.01370
v 0.59739 0.33372 -0.01950
v -0.41664 0.70395 0.05335
v -0.00457 0.50763 0.12933
v 0.09771 0.57058 0.05625
v 0.48628 0.16594 -0.00196
v 0.01702 0.84421 0.02391
v 0.05481 0.49622 -0.14264
v 0.14688 0.32716 0.07522
v -0.05157 0.30601 0.00495
v 0.39497 0.36094 0.16022
v -0.48788 0.67385 0.09407
v -0.41860 0.56803 -0.07153
v 0.23089 0.56762 -0.02851
v 0.48547 0.51777 0.01441
v 0.43736 0.55334 -0.01674
v 0.06001 0.43825 -0.05926
v -0.62838 0.35680 0.05050
v -0.41654 0.84879 0.05213
v -0.40456 0.58177 0.07273
v -0.40892 0.67104 -0.12421
v 0.15509 0.60771 0.02453
v 0.53886 0.65242 0.04835
v 0.04302 0.78573 0.03690
v 0.43612 0.27345 -0.02657
v 0.40337 0.40394 0.00542
v -0.42361 0.42367 0.01899
v 0.05048 0.81454 0.00619
v 0.49959 0.44357 -0.02047
v -0.35647 0.59690 0.18156
v 0.48841 0.10541 0.01775
v -0.43588 0.74932 -0.02070
v 0.16674 0.49175 -0.06226
v -0.39143 0.88307 0.06325
v 0.18525 0.51218 -0.00458
v -0.43528 0.45476 0.20351
v -0.23484 0.33817 -0.11401
v 0.57000 0.17163 0.08655
v -0.45462 0.60090 0.02149
v 0.45938 0.80540 0.00970
v 0.02303 0.42072 0.05314
v 0.00367 0.73029 -0.09958
v 0.08734 0.80272 0.05925
v 0.08838 0.64111 -0.13352
v -0.56320 0.68319 -0.06915
v -0.57934 0.49262 0.04178
v -0.30754 0.42855 0.17039
v 0.06395 0.70428 0.04084
v 0.45032 0.13007 -0.08819
v -0.42065 0.51786 0.05744
v -0.29687 0.46847 -0.02783
v -0.33797 0.58759 0.18386
v 0.07717 0.56309 0.01021
v -0.04384 0.50591 0.12485
v 0.53122 0.40312 -0.00195
v -0.38407 0.64975 0.16433
v -0.42164 0.19998 0.04859
v 0.48080 0.52583 0.01138
v -0.28026 0.60145 0.04520
v 0.05646 0.81600 -0.04622
v 0.53020 0.10920 -0.06013
v -0.41114 0.74621 0.01478
v -0.41831 0.32797 0.05936
v -0.50780 0.37563 0.10893
v 0.49106 0.10549 0.01665
v 0.12726 0.65377 0.05036
v -0.38474 0.79674 0.04088
v 0.06997 0.65890 -0.03020
v 0.35390 0.13234 0.03342
v 0.01016 0.75076 0.03467
v 0.14196 0.73525 -0.03952
v -0.47825 0.46628 0.22931
v 0.04199 0.61156 -0.03310
v -0.62000 0.53699 0.02362
v -0.09278 0.53017 -0.08104
v -0.38796 0.61801 -0.04172
v 0.12660 0.62675 0.17228
v 0.40470 0.37308 -0.06450
v -0.02512 0.59481 0.07976
v 0.38977 0.29341 -0.00406
v 0.42895 0.29004 0.04952
v 0.60950 0.44630 0.03887
v -0.33934 0.36032 0.05485
v 0.10497 0.41396 0.03900
v 0.45399 0.47167 0.02697
v 0.63989 0.13933 0.07736
v -0.30140 0.39200 0.11949
v 0.05069 0.34730 0.00635
v -0.49882 0.49159 -0.10472
v -0.55258 0.62460 -0.02451
v 0.27261 0.13525 0.02548
v -0.53517 0.62869 0.13495
v 0.05142 0.84206 -0.04552
v 0.10334 0.67113 -0.06796
v 0.07690 0.67613 -0.07016
v 0.08890 0.56402 -0.07773
v 0.47125 0.19799 0.07378
v 0.44640 0.42581 -0.00195
v -0.48446 0.40602 0.07281
v -0.41004 0.90939 0.05032
v 0.54496 0.56963 -0.06639
v -0.29593 0.63072 -0.00490
v 0.13970 0.42732 0.04783
v 0.51340 0.41032 0.13228
v -0.00521 0.66522 -0.04914
v -0.40696 0.55674 0.05362
v 0.47440 0.53176 0.03929
v -0.48899 0.52189 0.23431
v 0.53431 0.51984 0.02494
v -0.45836 0.57495 0.13382
v -0.59619 0.41159 0.01094
v 0.52338 0.74319 0.00965
v 0.53869 0.34595 -0.02880
v 0.58952 0.13009 -0.09547
v -0.37370 0.49853 0.03095
v 0.03866 0.84487 0.03109
v 0.10582 0.43002 -0.10032
v 0.04556 0.99105 -0.01267
v 0.63094 0.33810 -0.05655
v 0.55920 0.26565 0.04875
v 0.44546 0.55480 0.05563
v 0.07141 0.63813 -0.08132
v -0.07654 0.52911 0.19035
v -0.33367 0.55510 0.08599
v 0.00875 0.67284 0.03685
v 0.43667 0.21813 -0.01186
v 0.05864 0.51071 0.00627
v -0.33835 0.46302 0.03320
v 0.61423 0.09442 0.05467
v -0.38074 0.38491 0.06881
v -0.04822 0.51247 -0.02702
v 0.49387 0.80094 0.01186
v 0.48886 0.61661 -0.03851
v 0.48703 0.25078 -0.00949
v -0.43616 0.57741 0.01387
v 0.59376 0.15759 0.08512
v 0.05287 0.13787 -0.00206
v -0.48414 0.48144 -0.12274
v 0.08196 0.46260 0.00496
v -0.00260 0.75826 -0.11504
v -0.44586 0.56480 -0.05017
v 0.55306 0.54215 -0.02922
v 0.41498 0.22186 -0.21841
v 0.05689 0.88418 -0.03451
v -0.23422 0.62916 0.00423
v 0.00106 0.48757 0.00687
v 0.05199 0.97259 -0.01637
v 0.42221 0.62120 0.00558
v -0.39814 0.81921 0.06702
v 0.11347 0.37507 -0.00252
v 0.19909 0.48051 -0.07872
v -0.44042 0.47441 -0.10631
v -0.02746 0.53535 -0.05744
v 0.06012 0.72893 0.10042
v -0.00354 0.51312 -0.07049
v -0.41567 0.02727 0.04621
v 0.13012 0.63412 0.17623
v 0.05943 0.43204 -0.08393
v -0.54736 0.39336 0.08454
v 0.54890 0.25871 -0.03470
v 0.03553 0.71400 -0.05817
v -0.35953 0.41761 -0.09178
v 0.53566 0.51404 -0.04916
v 0.06337 0.40055 0.07128
v -0.35050 0.55538 0.04197
v 0.02780 0.93491 0.01033
v 0.44612 0.75730 0.04247
v -0.09158 0.41801 -0.00433
v 0.11581 0.69323 0.03747
v 0.06694 0.73988 0.01623
v 0.49589 0.34623 0.04412
v -0.42426 0.04138 0.05837
v 0.43995 0.42727 -0.06558
v -0.48828 0.49247 0.23276
v -0.41810 0.60573 0.05233
v -0.47174 0.62006 0.00795
v -0.42225 0.84063 0.09246
v -0.02645 0.30269 0.00765
v -0.52066 0.38841 0.06818
v 0.06394 0.47222 -0.18978
v -0.42099 0.78647 0.07999
v -0.41116 0.49846 0.19445
v 0.01136 0.54924 0.02690
v 0.11752 0.71685 0.00177
v 0.01645 0.64216 0.01270
v 0.36759 0.28218 0.03353
v 0.04692 0.83538 -0.00662
v -0.38154 0.68812 0.12148
v -0.30549 0.48480 0.12706
v 0.47908 0.75683 0.02560
v -0.05955 0.54321 -0.06258
v 0.62400 0.20306 -0.19794
v 0.45146 0.56556 -0.05897
v 0.06424 0.33517 0.00303
v -0.34848 0.82435 0.08692
v 0.51808 0.37055 0.10452
v -0.00190 0.51191 -0.06917
v -0.02677 0.65753 -0.02071
v 0.04211 0.79761 0.02363
v 0.46717 0.15184 -0.04340
v -0.27402 0.30330 -0.10971
v 0.11731 0.76684 -0.04796
v 0.45196 0.22278 -0.01434
v -0.41049 0.64132 -0.04560
v 0.49185 0.57304 0.01550
v 0.48429 0.52084 0.01419
v -0.37989 0.45152 0.03304
v -0.26053 0.30017 -0.13582
v 0.06584 0.13529 0.01364
v 0.50141 0.25368 -0.08998
v -0.41800 0.74065 0.13896
v 0.14063 0.50864 -0.03835
v 0.05486 0.03259 -0.00463
v 0.37840 0.36174 -0.05717
v 0.50930 0.66358 0.00602
v 0.04629 0.02807 0.00755
v 0.58735 0.14372 -0.04947
v 0.07738 0.44206 0.03833
v -0.45206 0.36964 0.06853
v 0.48906 0.58308 0.01053
v 0.49959 0.28930 0.00615
v -0.28512 0.65390 0.04478
v -0.07500 0.76205 0.00200
v -0.51936 0.70475 0.08969
v 0.52676 0.40815 -0.12352
v -0.39450 0.63043 0.03131
v -0.29050 0.62794 0.15692
v 0.04584 0.74605 0.06946
v 0.05549 0.52016 0.00379
v 0.40975 0.14271 -0.01044
v 0.02084 0.44838 -0.15583
v 0.00998 0.62204 -0.00577
v -0.46919 0.63632 0.01841
v 0.44594 0.28263 0.06356
v 0.00888 0.59051 0.03353
v 0.41662 0.34661 -0.04260
v 0.10994 0.59424 -0.09592
v 0.06105 0.78253 0.01298
v -0.35678 0.51788 0.08276
v -0.04559 0.54374 -0.04215
v -0.43968 0.78675 0.02588
v -0.37245 0.77929 -0.00452
v -0.44629 0.56620 0.04268
v -0.39129 0.62243 0.15963
v -0.40535 0.72608 0.01089
v 0.11945 0.61009 0.05405
v -0.49567 0.57777 0.13326
v 0.48683 0.18067 -0.07582
v -0.01186 0.43166 -0.01017
v 0.03617 0.80502 0.08960
v 0.11922 0.38171 -0.00690
v 0.10356 0.30389 -0.01203
v 0.53267 0.43447 -0.04774
v 0.54134 0.22402 -0.02207
v 0.23003 0.59902 -0.05905
v -0.40310 0.77609 0.06272
v 0.49267 0.21043 -0.08685
v 0.50375 0.42478 0.00979
v -0.47598 0.41246 0.06997
v 0.45184 0.14992 -0.08537
v 0.02110 0.43025 -0.00642
v -0.47213 0.87110 0.05612
v 0.04076 0.75016 0.07325
v -0.48843 0.45956 0.23627
v 0.01230 0.44853 0.06276
v -0.42251 0.52619 0.07768
v -0.26186 0.51756 -0.00405
v -0.33970 0.44922 0.15642
v 0.07523 0.66377 0.11923
v 0.53106 0.25580 0.09384
v 0.48530 0.64168 -0.06471
v 0.56902 0.56847 -0.08269
v 0.05533 0.73012 0.00744
v 0.02205 0.79113 -0.00825
v -0.39990 0.76502 0.11443
v -0.51551 0.47154 0.24832
v 0.50401 0.25734 -0.09777
v 0.05437 0.53320 -0.13485
v -0.59066 0.54269 -0.00084
v 0.35814 0.14419 -0.03202
v 0.56000 0.45149 0.05859
v 0.09222 0.91891 0.05911
v -0.37592 0.69912 -0.06340
v 0.01608 0.44350 0.05488
v 0.00411 0.77485 -0.07555
v 0.48964 0.18980 -0.06537
v 0.12065 0.80953 0.05711
v 0.06794 0.52805 -0.04027
v 0.00976 0.84246 0.02723
v 0.49891 0.46865 0.01975
v -0.47378 0.55262 0.09181
v 0.09471 0.91374 -0.02540
v 0.32584 0.10978 0.05007
v 0.06030 0.47621 -0.11300
v 0.12125 0.64443 0.03743
v -0.52095 0.48163 0.04272
v -0.31549 0.45212 0.12336
v 0.46531 0.48998 0.05486
v -0.46943 0.48901 0.04652
v 0.05945 0.77576 0.00386
v -0.41801 0.45434 0.05240
v 0.03729 0.72670 -0.00350
v 0.49882 0.63771 -0.00045
v -0.44808 0.58432 0.13880
v 0.49618 0.33023 -0.18047
v 0.48566 0.61142 0.00551
v 0.57335 0.39253 -0.04183
v 0.49030 0.50513 0.00851
v -0.44066 0.63373 0.10880
v -0.00243 0.45609 0.09174
v -0.33488 0.68662 0.11315
v 0.05870 0.86934 -0.01786
v -0.57023 0.64547 -0.02812
v 0.06037 0.78976 -0.03149
v 0.08598 0.46866 -0.17573
v -0.37844 0.82053 0.00407
v 0.13322 0.63091 -0.02720
v -0.50170 0.49068 -0.00929
v 0.56350 0.14304 0.04828
v -0.36195 0.64994 0.09015
v 0.66023 0.15395 0.11568
v 0.07384 0.71615 0.01268
v 0.45380 0.19440 -0.11346
v 0.49618 0.89346 -0.00131
v -0.56450 0.69442 -0.03283
v 0.14505 0.42630 0.11090
v 0.39936 0.10865 0.02345
v 0.49247 0.55811 0.01957
v -0.31777 0.36577 0.05326
v -0.42014 0.70662 0.09067
v -0.42627 0.89205 0.03711
v -0.42721 0.89779 0.06472
v -0.48818 0.44283 0.01562
v 0.40811 0.58348 -0.00156
v 0.62400 0.28672 -0.08387
v 0.07541 0.64622 0.01576
v 0.11592 0.87607 -0.03242
v 0.02146 0.82051 0.02021
v 0.45412 0.21836 0.00633
v 0.35666 0.16569 -0.04245
v -0.31901 0.50970 -0.03036
v -0.69709 0.41749 0.11370
v 0.45048 0.28888 -0.02389
v -0.36899 0.83981 0.03969
v -0.30308 0.45155 0.12030
v 0.45628 0.17805 -0.09611
v -0.39181 0.50620 0.09047
v 0.46242 0.57732 0.06717
v 0.61712 0.15943 0.07481
v 0.57973 0.18781 -0.00910
v -0.43740 0.67278 0.09020
v -0.05783 0.44044 -0.03406
v 0.53938 0.39109 -0.05086
v 0.53836 0.63773 0.05397
v -0.35245 0.48713 0.08040
v 0.04562 0.87026 0.00809
v -0.00748 0.43160 -0.00756
v 0.13543 0.68584 -0.16234
v 0.02607 0.55574 0.01800
v -0.45989 0.43251 0.16675
v 0.49495 0.13056 0.01049
v -0.48956 0.85687 0.05090
v 0.21592 0.72858 0.03496
v 0.53283 0.67152 0.00919
v 0.11459 0.67048 -0.05976
v 0.35552 0.29261 0.03705
v -0.33026 0.69635 0.03841
v 0.09604 0.81011 -0.03509
v -0.29646 0.44713 0.11074
v -0.37908 0.73338 0.02991
v 0.03785 0.59664 -0.03751
v -0.41782 0.63827 0.05219
v -0.50912 0.64938 0.02166
v 0.06186 0.15914 0.01536
v 0.07142 0.49126 0.07431
v 0.44385 0.73122 -0.02243
v 0.42320 0.33715 -0.04553
v -0.26449 0.66518 0.02986
v -0.02968 0.45510 -0.02172
v 0.49556 0.43597 -0.00628
v 0.00920 0.60445 -0.06691
v 0.35146 0.36497 -0.07285
v 0.16700 0.59245 0.02355
v -0.41290 0.36294 0.04499
v -0.29886 0.30488 -0.08985
v 0.09404 0.60758 -0.09462
v 0.12246 0.58244 0.01881
v -0.43787 0.75575 0.00592
v 0.48114 0.58876 -0.02229
v 0.47567 0.40638 -0.00884
v 0.07646 0.74169 0.14468
v -0.02567 0.38135 -0.02477
v -0.29227 0.55867 -0.03053
v 0.47268 0.42159 0.03298
v 0.02755 0.75178 0.00011
v -0.39586 0.61828 -0.00193
v 0.18481 0.51085 -0.01727
v 0.42233 0.43022 -0.02930
v -0.46772 0.45006 0.23656
v 0.09768 0.29311 0.03910
v -0.53049 0.45400 0.08414
v 0.04982 0.44096 0.10445
v 0.51119 0.45458 -0.02212
v 0.32445 0.11520 0.03325
v 0.66226 0.28602 -0.10823
v 0.08985 0.60776 -0.14045
v -0.47265 0.43528 0.19584
v 0.07197 0.80152 0.00024
v 0.01659 0.36322 -0.09905
v 0.14583 0.44142 0.08431
v -0.02347 0.57656 0.05744
v 0.46630 0.61946 0.02978
v 0.47469 0.45085 0.07217
v -0.48704 0.59499 0.15178
v 0.09812 0.43093 -0.03296
v -0.42388 0.87656 0.04757
v 0.41778 0.10010 0.02053
v 0.47198 0.62574 0.02666
v 0.47993 0.21419 0.00960
v 0.40885 0.22529 0.02024
v 0.07262 0.94456 0.01215
v 0.03551 0.47821 0.03322
v 0.02641 0.59952 -0.02141
v -0.48962 0.80858 0.07452
v 0.02890 0.83645 -0.01289
v -0.09044 0.31759 0.04571
v 0.46577 0.52008 -0.03436
v 0.01692 0.38335 0.10353
v 0.05093 0.64353 0.09075
v 0.07735 0.82283 0.03178
v 0.46779 0.64013 -0.00117
v -0.41431 0.88385 0.06111
v 0.48145 0.35451 0.06590
v 0.47003 0.72034 0.01416
v -0.02716 0.59130 -0.02612
v 0.52163 0.23999 0.04803
v 0.03673 0.80854 0.05874
v 0.08798 0.47419 -0.00405
v 0.07419 0.53428 -0.04013
v -0.48843 0.43183 0.26286
v 0.02331 0.59407 -0.03226
v 0.36887 0.50776 0.02752
v 0.10178 0.56679 0.07143
v -0.53840 0.65549 0.18030
v -0.47168 0.43812 -0.08497
v -0.47333 0.74458 0.00123
v 0.52180 0.24028 0.05298
v -0.00633 0.29158 -0.00071
v 0.38958 0.36110 -0.01113
v -0.09358 0.74427 0.01321
v -0.03855 0.49889 0.16433
v 0.05242 0.67282 0.01671
v 0.09346 0.55476 0.11825
v -0.40182 0.57208 -0.06340
v -0.36631 0.68400 0.20135
v -0.39330 0.49090 0.09209
v 0.05323 0.67334 0.01617
v 0.00561 0.86913 -0.04477
v 0.17767 0.43148 -0.05987
v 0.48023 0.36581 0.01403
v 0.11653 0.73007 0.03594
v 0.00734 0.83152 -0.01190
v 0.57601 0.16750 0.03452
v 0.04687 0.00877 0.00285
v 0.43239 0.56272 -0.00061
v -0.41876 0.79348 0.18351
v -0.50753 0.61566 0.17163
v 0.48302 0.28435 -0.10522
v 0.02115 0.80797 -0.11371
v 0.47197 0.22082 0.00423
v -0.39408 0.45402 0.04226
v -0.03411 0.60474 0.07087
v 0.44749 0.11202 0.00899
v 0.56576 0.16684 -0.07979
v 0.05223 0.45312 -0.07695
v 0.53837 0.42839 -0.16362
v 0.07419 0.37021 -0.00210
v -0.40275 0.39818 0.06176
v 0.02011 0.84625 0.02128
v 0.06648 0.46780 0.00727
v -0.35758 0.40498 0.10278
v 0.61868 0.15049 0.13776
v 0.47019 0.30017 0.02308
v 0.01736 0.37977 0.07459
v 0.03647 0.45423 0.01491
v -0.00616 0.80632 -0.01374
v 0.05861 0.76401 0.01308
v 0.05551 0.67317 0.09620
v -0.44545 0.58179 0.09601
v 0.48234 0.66075 0.02459
v -0.02026 0.72714 0.01235
v 0.04484 0.71792 0.00146
v 0.03664 0.70867 0.06166
v 0.46837 0.26737 -0.10025
v 0.47922 0.20344 0.00063
v 0.60438 0.45386 0.01243
v 0.57432 0.57551 0.07267
v 0.64014 0.13544 0.09433
v 0.07951 0.81891 0.04677
v 0.04016 0.42598 -0.07529
v 0.12359 0.68558 -0.12900
v 0.45489 0.43983 -0.04890
v -0.00343 0.52602 -0.00894
v 0.47316 0.87933 0.00168
v 0.05740 0.68937 -0.03600
v 0.33252 0.26895 -0.04387
v 0.60339 0.16362 0.12556
v 0.49025 0.75492 -0.00056
v 0.11645 0.65108 0.16059
v -0.01952 0.76138 -0.12887
v -0.47370 0.43567 -0.08933
v 0.33873 0.39648 -0.06603
v 0.39304 0.35185 0.14980
v 0.46496 0.57009 0.02773
v 0.52337 0.16557 -0.10305
v 0.12157 0.36242 0.00757
v 0.06024 0.44210 -0.05859
v -0.31561 0.54635 0.08221
v 0.41967 0.12374 -0.01578
v 0.02515 0.29994 -0.00077
v 0.03986 0.63958 0.00089
v 0.07634 0.42238 0.06013
v -0.42337 0.52961 0.01774
v -0.01076 0.44886 0.06348
v 0.05521 0.63411 0.00570
v 0.07842 0.62081 -0.10905
v 0.12832 0.86672 0.06828
v 0.38727 0.23148 -0.01115
v -0.52600 0.78264 0.12494
v 0.48409 0.25127 -0.02102
v -0.01764 0.52248 -0.01564
v -0.47174 0.59099 0.11079
v -0.36023 0.77215 -0.07583
v -0.43655 0.87915 0.09770
v 0.06596 0.55212 0.07633
v -0.43019 0.65066 -0.11729
v -0.42308 0.52781 0.07570
v 0.47407 0.52328 0.03888
v 0.54416 0.66048 -0.00318
v 0.39998 0.12152 0.03050
v -0.42081 0.01874 0.06059
v 0.50793 0.39148 0.12299
v 0.00551 0.75361 -0.04903
v 0.42087 0.17248 0.10367
v 0.13454 0.74173 -0.07983
v 0.44482 0.28148 -0.10550
v -0.55015 0.66856 -0.01175
v 0.52002 0.23768 0.03962
v 0.10603 0.67674 -0.07181
v 0.02872 0.78419 -0.08885
v 0.47997 0.52533 0.00922
v 0.05629 0.31214 -0.00054
v -0.49714 0.57909 0.13212
v 0.48469 0.68705 0.01055
v 0.56959 0.33257 0.01964
v 0.13921 0.40421 -0.04646
v -0.35258 0.61205 0.09572
v 0.06454 0.91185 0.05905
v -0.42173 0.88246 0.10719
v 0.37375 0.37800 -0.05421
v -0.50722 0.62513 0.00479
v 0.00916 0.74499 -0.07180
v -0.46635 0.88601 0.01850
v 0.08829 0.55433 -0.05829
v -0.36986 0.65372 0.08361
v 0.43608 0.41084 -0.05292
v -0.11894 0.61205 -0.09161
v -0.55654 0.65139 -0.03257
v 0.00083 0.79852 -0.01221
v 0.43502 0.67239 0.03416
v 0.13148 0.69551 -0.03301
v -0.33687 0.69453 0.04554
v 0.52836 0.30643 -0.00833
v -0.36751 0.36264 0.05831
v -0.53486 0.53278 -0.01137
v -0.41200 0.70308 0.09379
v 0.47265 0.18412 0.06155
v 0.47956 0.24969 0.01502
v -0.45633 0.64661 -0.02735
v 0.53812 0.50258 -0.05885
v 0.25487 0.55497 0.02989
v 0.08307 0.70820 0.09016
v -0.43234 0.69870 0.12519
v 0.48347 0.14472 -0.00211
v 0.47883 0.41088 0.00743
v 0.62322 0.37210 -0.06114
v -0.45238 0.48180 -0.14712
v 0.07530 0.44589 0.10060
v 0.08684 0.56579 0.00878
v -0.42873 0.65283 0.04530
v -0.04095 0.63093 0.02452
v -0.46784 0.58436 0.10977
v -0.41909 0.32328 0.05906
v 0.47293 0.65661 0.05131
v 0.48460 0.49882 0.00383
v -0.36395 0.61651 0.13968
v 0.02243 0.48147 -0.01204
v 0.15572 0.42830 -0.05381
v -0.50524 0.64982 -0.00198
v 0.49188 0.36190 0.00663
v 0.01424 0.60993 -0.04499
v -0.07512 0.48468 0.13529
v 0.58921 0.20013 0.07652
v -0.48122 0.71160 0.11814
v 0.55465 0.53866 0.05294
v 0.44792 0.69661 -0.02323
v -0.47605 0.41629 -0.02756
v 0.10367 0.70271 -0.10093
v 0.53410 0.40552 0.00247
v 0.06680 0.53401 0.06272
v -0.57787 0.57228 0.01901
v 0.05947 0.31767 -0.00057
v 0.10470 0.56053 -0.05947
v 0.48747 0.35369 0.00180
v -0.00605 0.73576 0.02796
v 0.06168 0.85683 -0.04028
v 0.01234 0.40561 0.17159
v 0.03053 0.71578 -0.03953
v -0.41971 0.55104 -0.00040
v -0.40767 0.83047 0.06587
v -0.37431 0.76898 -0.00117
v 0.45263 0.55188 -0.06584
v -0.38111 0.64707 0.12565
v 0.16116 0.30994 0.05712
v 0.02028 0.78977 0.11789
v -0.45580 0.43200 0.17039
v 0.00495 0.59091 0.06791
v 0.44526 0.69444 0.03560
v 0.04287 0.85622 0.01470
v 0.01238 0.90192 -0.03471
v 0.05796 0.81153 -0.04109
v 0.04099 0.78715 0.09145
v -0.26163 0.50058 -0.00068
v -0.42936 0.69894 0.00487
v 0.09509 0.88899 -0.01425
v 0.50152 0.23267 0.02647
v -0.42560 0.87894 0.09599
v -0.26924 0.31813 -0.09997
v 0.02358 0.78553 0.04581
v 0.03028 0.58970 -0.02636
v -0.04049 0.55750 0.07643
v 0.24630 0.60400 -0.04005
v 0.48681 0.39430 0.01507
v 0.05298 0.14776 0.01498
v 0.37986 0.14366 0.04283
v -0.42918 0.69417 0.00292
v 0.06106 0.91639 -0.02220
v 0.33884 0.26908 -0.03973
v -0.46952 0.58737 0.01802
v 0.10628 0.64883 0.13085
v 0.09739 0.65909 -0.01312
v 0.43851 0.13615 0.02649
v 0.04685 0.48575 -0.08164
v -0.41930 0.80753 0.07830
v 0.04711 0.44127 0.01909
v 0.37281 0.22338 0.04462
v 0.02398 0.74190 0.02213
v 0.23949 0.59906 -0.01199
v 0.07049 0.62860 -0.12497
v 0.09049 0.79304 0.00590
v -0.40437 0.61386 0.01074
v 0.43421 0.31116 0.08637
v 0.46035 0.57779 -0.08352
v 0.53038 0.53776 -0.02494
v -0.43672 0.79696 0.08081
v 0.52131 0.58364 0.03492
v 0.09973 0.61785 -0.06678
v -0.37977 0.81216 0.08485
v -0.38460 0.61183 0.14587
v -0.24748 0.46717 0.19639
v 0.05882 0.73961 0.00709
v 0.47988 0.59916 0.01988
v 0.12700 0.73263 0.03778
v 0.49083 0.33052 0.01395
v 0.50829 0.24637 -0.01846
v 0.11382 0.60245 0.16189
v -0.41032 0.00480 0.05207
v 0.54853 0.24245 0.08512
v 0.47709 0.32240 0.00860
v 0.47484 0.44479 0.01220
v -0.49348 0.58651 0.00693
v -0.42173 0.61864 0.01848
v 0.19508 0.48114 -0.05979
v 0.05708 0.63748 0.00418
v 0.50440 0.44405 0.04793
v 0.02734 0.82088 0.03762
v -0.41299 0.58063 0.06972
v 0.38778 0.09206 -0.04709
v 0.06816 0.99703 -0.01577
v -0.33682 0.43920 0.14553
v 0.47941 0.05829 0.01734
v 0.05596 0.83074 -0.04039
v -0.41331 0.87670 0.05460
v -0.04014 0.29042 0.01805
v 0.07739 0.56524 0.10835
v -0.49399 0.84569 0.06668
v 0.01939 0.51802 -0.21915
v -0.39696 0.75424 0.07072
v -0.47024 0.44140 0.09961
v 0.01666 0.39927 0.15363
v 0.11526 0.67414 -0.05825
v -0.09242 0.57845 -0.06942
v 0.17454 0.66604 0.02890
v 0.14545 0.62153 -0.01647
v 0.20306 0.45493 -0.10404
v 0.05148 0.75240 -0.00734
v 0.18664 0.64837 0.02786
v 0.34539 0.37108 -0.07962
v -0.47328 0.44046 0.10702
v -0.42174 0.29311 0.05812
v 0.00317 0.72911 -0.07531
v 0.05771 0.68849 -0.03474
v -0.46471 0.44140 -0.10874
v 0.15061 0.32373 -0.11873
v -0.44576 0.41369 -0.01781
v 0.55027 0.38943 0.14433
v 0.43493 0.31961 -0.01747
v 0.04898 0.00159 0.01494
v 0.09787 0.29404 -0.10314
v 0.00654 0.89560 -0.00229
v 0.45634 0.21513 0.00528
v 0.44068 0.60288 -0.00031
v 0.15819 0.55387 -0.04026
v 0.00137 0.86852 -0.02974
v 0.52419 0.42493 -0.12671
v -0.40637 0.91883 0.03318
v 0.41859 0.42187 -0.06026
v 0.48293 0.50921 0.01332
v -0.43864 0.42529 0.15636
v -0.07201 0.60117 0.09501
v 0.48286 0.68307 0.00950
v -0.57227 0.52317 0.06219
v 0.55216 0.21038 -0.02204
v -0.35097 0.33170 -0.02515
v -0.03513 0.54928 -0.01468
v 0.14198 0.49416 0.02395
v 0.09754 0.56418 0.01565
v 0.56106 0.12995 0.05294
v -0.40004 0.39784 0.06311
v 0.02043 0.80330 -0.09498
v 0.07141 0.59295 0.03124
v -0.44756 0.53019 -0.02191
v 0.11926 0.53153 0.06175
v -0.44257 0.84732 0.10748
v 0.30405 0.12497 0.03820
v 0.13492 0.55654 -0.01606
v -0.38578 0.56455 0.04829
v 0.48067 0.54690 0.00839
v -0.41833 0.85105 0.03986
v 0.02270 0.87162 -0.00103
v 0.06697 0.86431 0.03800
v -0.48403 0.43810 0.16176
v -0.47506 0.37043 0.06268
v 0.50459 0.20040 0.09573
v -0.40521 0.63506 0.05465
v 0.43741 0.30815 0.06720
v -0.51452 0.40394 0.00851
v 0.05340 0.71701 0.07427
v -0.40145 0.66208 -0.08755
v 0.54039 0.55146 0.03868
v 0.46771 0.22487 0.00101
v -0.35268 0.56331 0.15578
v 0.59845 0.32687 0.09191
v -0.01116 0.47621 0.01396
v -0.52472 0.40147 0.13828
v -0.35813 0.48759 0.01729
v 0.12486 0.38694 0.04622
v 0.08432 0.30404 -0.04473
v 0.53923 0.32605 -0.00511
v 0.06739 0.11523 0.00234
v -0.46918 0.56448 -0.04977
v -0.36517 0.66734 0.17710
v 0.47036 0.45074 0.01093
v 0.21582 0.46738 0.17409
v -0.28244 0.30493 -0.14637
v 0.01361 0.56718 0.03510
v 0.07353 0.68577 -0.04364
v 0.02110 0.70099 -0.08770
v 0.03533 0.77741 0.08630
v 0.47546 0.21173 -0.05454
v -0.42480 0.87481 0.04571
v -0.04611 0.72676 0.02420
v 0.07232 0.56488 -0.05485
v -0.29056 0.57916 0.03633
v 0.48167 0.17836 0.01045
v 0.47206 0.64872 -0.06568
v 0.05889 0.59874 0.10254
v 0.05787 0.49357 -0.20091
v -0.29747 0.58346 0.18416
v -0.47180 0.57512 0.01647
v -0.46226 0.56932 0.02967
v -0.32947 0.39114 0.10431
v 0.02309 0.75292 0.04851
v 0.19998 0.68235 0.03635
v 0.03185 0.34700 -0.09559
v -0.38138 0.76663 0.04643
v 0.05952 0.99779 -0.00258
v 0.46253 0.46025 0.07074
v 0.69709 0.17766 0.10718
v 0.06492 0.46492 -0.06510
v 0.04041 0.71572 -0.08243
v 0.49332 0.28783 0.00814
v 0.06237 0.91251 -0.02385
v -0.38160 0.56248 0.03066
v -0.52222 0.40100 0.04534
v 0.43854 0.40815 -0.04835
v 0.01778 0.69101 0.05696
v 0.55134 0.42072 0.03900
v 0.04673 0.62229 -0.12931
v 0.39307 0.30446 0.10901
v 0.03313 0.37177 0.12285
v 0.05436 0.70671 0.00660
v 0.40864 0.58336 -0.00449
v -0.39585 0.55715 0.02743
v 0.03704 0.48125 -0.00514
v -0.01440 0.47914 0.10453
v 0.00355 0.72996 -0.09224
v 0.45599 0.58170 0.06724
v -0.31920 0.64252 0.23063
v 0.46901 0.76519 -0.00145
v 0.05948 0.41956 -0.04654
v -0.40797 0.55424 0.16870
v 0.06127 0.51164 0.10452
v 0.47762 0.16912 0.01488
v 0.46921 0.28887 0.07830
v 0.51117 0.31466 0.07513
v -0.38708 0.71944 -0.07078
v 0.05797 0.58959 0.02985
v 0.43817 0.20383 0.13343
v 0.38565 0.25636 -0.03986
v 0.48313 0.33009 0.01558
v -0.07256 0.43835 -0.01844
v 0.55457 0.40544 0.01529
v 0.47257 0.81604 -0.01572
v 0.09426 0.42050 0.01916
v -0.47734 0.64462 0.12573
v 0.49374 0.34148 -0.01655
v 0.53337 0.53548 -0.06109
v -0.28895 0.63916 0.20054
v -0.06949 0.47093 0.01074
v 0.47539 0.18535 0.00706
v 0.09879 0.30112 -0.07222
v 0.00626 0.82598 -0.00877
v 0.08778 0.72505 -0.01266
v 0.46671 0.81202 0.02486
v 0.02049 0.96138 0.02660
v 0.05163 0.19438 0.01384
v -0.40392 0.81295 0.01182
v 0.07754 0.82832 -0.00192
v 0.48667 0.57711 0.00576
v -0.34990 0.62485 0.01562
v 0.49753 0.46755 0.01720
v 0.47544 0.42902 -0.02036
v 0.43177 0.15820 0.08872
v -0.08548 0.59848 -0.11205
v 0.50869 0.20206 -0.04739
v 0.50230 0.48942 -0.02235
v -0.00311 0.34829 -0.11729
v 0.05913 0.69821 0.00404
v 0.44805 0.56738 -0.00110
v 0.35059 0.27269 -0.00251
v 0.08414 0.66854 -0.07759
v 0.43400 0.30328 0.11788
v 0.51930 0.37779 0.01327
v -0.39388 0.40072 0.07334
v 0.03319 0.80785 0.03405
v 0.47274 0.85342 -0.00413
v 0.58374 0.13525 -0.10818
v -0.43457 0.40815 0.01005
v -0.12264 0.58565 -0.08825
v 0.05835 0.19956 0.01631
v 0.17919 0.62577 0.01973
v 0.55650 0.26054 0.08855
v 0.48665 0.47268 0.07042
v 0.07292 0.39544 0.05605
v 0.53054 0.49071 -0.03111
v 0.01976 0.49109 -0.01320
v 0.48573 0.29129 -0.07997
v 0.08263 0.51486 0.07020
v 0.06898 0.49851 -0.10003
v -0.43417 0.44511 0.00489
v 0.14684 0.74742 0.04937
v 0.42319 0.48252 0.01915
v 0.38934 0.41061 0.06729
v 0.47404 0.39612 -0.00485
v 0.54464 0.56813 -0.06761
v -0.41048 0.69407 0.04250
v 0.49304 0.70970 0.03700
v -0.44906 0.73590 0.05694
v 0.47015 0.18483 -0.05608
v 0.10763 0.72960 0.06577
v 0.01158 0.61592 -0.05075
v 0.45582 0.32319 -0.02591
v 0.07532 0.57541 0.11151
v 0.43090 0.31639 -0.02756
v 0.52707 0.20116 0.00742
v -0.41059 0.54957 -0.04032
v 0.43139 0.24110 0.22398
v 0.03860 0.81697 0.03100
v 0.07771 0.65855 0.11310
v -0.41442 0.84489 0.09368
v -0.08335 0.48018 -0.02591
v -0.42126 0.56446 -0.06710
v -0.38270 0.47178 0.04950
v 0.50079 0.41093 0.03610
v 0.38220 0.24351 -0.04509
v 0.00913 0.74472 -0.06875
v 0.48069 0.84308 0.01501
v -0.04220 0.41068 0.00565
v 0.21184 0.47940 0.13579
v -0.27648 0.29871 -0.13206
v 0.09936 0.82336 -0.02623
v 0.48074 0.53353 0.00981
v 0.08055 0.66813 0.08227
v 0.05986 0.59250 0.03611
v 0.40457 0.32558 0.04044
v 0.57882 0.12227 -0.09338
v 0.06299 0.79266 -0.03631
v -0.10081 0.52379 0.16882
v -0.54802 0.44123 0.05909
v 0.49019 0.81139 0.01685
v 0.50459 0.48241 -0.01430
v -0.46791 0.65143 0.06017
v 0.66846 0.16123 0.06483
v 0.13661 0.43342 0.08711
v -0.43885 0.91205 0.02539
v 0.38249 0.20853 0.14698
v 0.50713 0.64991 -0.01157
v -0.07629 0.50713 0.10064
v 0.52494 0.61233 0.05540
v 0.14275 0.46118 0.04468
v 0.04979 0.05975 -0.00208
v -0.36609 0.82666 0.07453
v -0.46730 0.47087 0.22154
v -0.61333 0.40840 0.09669
v 0.38216 0.19090 -0.01533
v 0.07566 0.64774 0.10628
v 0.42810 0.19906 -0.19824
v 0.43446 0.15922 0.08512
v -0.27714 0.32216 -0.11671
v 0.53749 0.24456 0.04539
v 0.12877 0.67141 0.03766
v -0.45154 0.58151 0.07413
v -0.40226 0.69442 -0.07561
v -0.23420 0.51736 -0.05454
v -0.45436 0.63509 0.07370
v 0.48268 0.61190 0.06565
v 0.50324 0.47321 0.02499
v -0.46104 0.82559 -0.00775
v 0.07644 0.57292 0.11157
v 0.49102 0.21418 0.08333
v 0.48516 0.25752 -0.07615
v 0.02638 0.56306 -0.04054
v 0.01649 0.39029 -0.12406
v 0.41609 0.25862 -0.03531
v 0.60303 0.28847 0.13776
v 0.48962 0.13477 -0.00109
v 0.51399 0.53265 0.00440
v -0.49653 0.51756 0.00930
v 0.08141 0.51770 0.05151
v 0.00419 0.49005 -0.02302
v -0.48425 0.46376 -0.12330
v 0.05350 0.53125 0.00900
v 0.10126 0.58688 0.14584
v 0.48035 0.45117 0.01255
v -0.36578 0.74028 -0.06033
v -0.30408 0.49011 0.04524
v 0.07862 0.65613 0.07590
v -0.29666 0.59708 0.21057
v 0.09983 0.67755 0.01637
v -0.00268 0.91486 0.00510
v 0.02487 0.40256 -0.09155
v 0.24318 0.63226 -0.01850
v 0.19467 0.45479 -0.07757
v -0.41903 0.69596 0.09172
v 0.12610 0.38386 -0.03380
v -0.50700 0.74911 0.09289
v 0.14599 0.30959 -0.08957
v 0.48703 0.43427 0.04654
v 0.11892 0.86282 0.07556
v -0.39352 0.85270 0.02258
v 0.62462 0.25769 -0.08413
v -0.32072 0.31661 -0.06335
v 0.04698 0.88908 -0.01836
v -0.40583 0.36647 0.00955
v 0.48124 0.16938 0.01672
v -0.02146 0.40530 -0.00710
v 0.10474 0.46169 -0.04151
v 0.49395 0.26678 0.00791
v 0.04937 0.58355 0.02830
v 0.06612 0.65397 -0.06744
v 0.02299 0.40237 0.08747
v -0.42264 0.32733 0.05189
v -0.42256 0.08806 0.04765
v 0.11286 0.46976 -0.00042
v 0.16796 0.46795 0.13486
v 0.00864 0.75606 -0.10909
v 0.64320 0.19236 0.09991
v -0.41834 0.83628 0.10790
v 0.04229 0.47458 -0.06932
v 0.02184 0.77022 -0.00362
v 0.34538 0.23860 -0.00297
v -0.24359 0.49046 0.15289
v 0.06357 0.51189 -0.01024
v -0.43081 0.80963 0.07763
v 0.62898 0.22702 -0.13954
v 0.47846 0.41658 0.00906
v 0.66053 0.39880 -0.00213
v 0.01224 0.80010 -0.00612
v 0.11547 0.56388 0.00912
v 0.18939 0.71330 0.02141
v 0.04002 0.34339 -0.04304
v 0.08759 0.33088 0.05361
v 0.46290 0.55176 -0.05249
v -0.33880 0.49158 0.16184
v 0.44843 0.60454 -0.09704
v -0.39004 0.72982 0.01893
v 0.06255 0.92228 -0.01393
v -0.39813 0.81338 0.06850
v 0.08564 0.65506 0.06667
v -0.32053 0.45156 0.08779
v -0.41861 0.43651 -0.06761
v -0.33897 0.31975 -0.08041
v 0.08037 0.50972 0.06433
v -0.32484 0.44457 0.12030
v 0.42595 0.20885 0.08001
v -0.07786 0.28071 0.03906
v 0.09555 0.57251 0.12906
v 0.40717 0.21255 -0.20924
v 0.40194 0.59916 0.00651
v -0.26138 0.47733 -0.03893
v 0.41048 0.33925 0.12359
v 0.06967 0.75398 0.03536
v 0.09360 0.80729 -0.01522
v 0.48216 0.21521 0.08327
v -0.06805 0.45327 -0.00096
v -0.38546 0.54422 0.04883
v -0.42367 0.77341 0.06265
v 0.19975 0.54443 -0.03040
v 0.04262 0.78540 0.10280
v 0.06370 0.43793 0.00580
v 0.61092 0.23451 -0.20599
v -0.37002 0.62369 0.03069
v 0.49178 0.09639 -0.06948
v 0.45581 0.39940 0.02003
v -0.03987 0.46378 0.10285
v 0.04670 0.50193 -0.19333
v 0.10444 0.55649 -0.03527
v 0.11381 0.44002 0.05800
v -0.36563 0.83196 0.06149
v -0.42048 0.43561 0.06564
v 0.49057 0.60912 0.00823
v -0.49397 0.52449 -0.10017
v 0.44177 0.55823 -0.06891
v 0.06489 0.30908 -0.07222
v -0.39999 0.89687 0.04775
v 0.47775 0.21112 0.00231
v 0.41874 0.46980 0.03111
v 0.50277 0.68473 0.01345
v 0.53659 0.26442 -0.03349
v -0.19574 0.65719 0.00148
v 0.07160 0.56323 0.01848
v -0.48958 0.68963 0.13140
v 0.00657 0.52313 0.07039
v 0.13260 0.36373 0.02069
v -0.09943 0.57123 -0.08249
v 0.14697 0.51137 -0.03988
v 0.47192 0.89512 0.00494
v 0.09567 0.80333 -0.01883
v 0.20723 0.53906 -0.02319
v 0.06341 0.49830 0.00749
v 0.48383 0.51050 0.01372
v 0.49277 0.17591 0.01426
v -0.32766 0.60087 0.10043
v 0.04623 0.42766 0.09119
v 0.50597 0.34187 0.07289
v 0.10452 0.74697 -0.01989
v 0.02687 0.90042 0.03210
v 0.45302 0.54447 -0.07908
v 0.49179 0.38934 0.00982
v -0.36453 0.73431 -0.08552
v 0.49013 0.25278 0.02565
v -0.07882 0.57145 -0.06826
v -0.61128 0.44939 0.10038
v 0.56326 0.12023 0.08868
v -0.40300 0.55330 -0.09713
v 0.66108 0.09459 0.05702
v 0.08800 0.83512 -0.01932
v 0.41626 0.56945 -0.04005
v -0.29178 0.46773 0.02031
v 0.45918 0.40444 -0.02242
v 0.43919 0.22208 0.11180
v -0.51154 0.61710 0.17505
v -0.32437 0.80329 0.06023
v -0.60103 0.57135 0.04878
v -0.32089 0.72196 0.03004
v 0.61031 0.35764 -0.04272
v 0.03249 0.63866 0.01211
v 0.05207 0.88241 -0.07172
v -0.47896 0.43507 0.00262
v -0.04821 0.70629 0.01355
v 0.50614 0.15366 0.07035
v 0.52172 0.44282 -0.11972
v 0.10997 0.62434 0.15671
v 0.48836 0.55292 0.00600
v 0.03228 0.74256 -0.02244
v -0.41908 0.75725 0.16331
v -0.41702 0.00226 0.04536
v 0.09285 0.39991 0.05132
v 0.07490 0.46514 -0.16002
v -0.53665 0.78233 0.13029
v 0.06766 0.17987 0.00539
v 0.04911 0.35400 0.07018
v -0.38799 0.74212 -0.00699
v 0.06209 0.82635 0.01140
v -0.32126 0.74015 0.08066
v -0.11837 0.62404 0.10070
v 0.08148 0.91456 0.05419
v 0.02964 0.54356 0.02656
v 0.07557 0.66659 0.09109
v 0.62912 0.23314 -0.07914
v -0.43476 0.69267 0.14229
v 0.08614 0.62432 0.02020
v 0.02530 0.58838 -0.01139
v -0.09873 0.61937 0.09047
v 0.06220 0.47637 -0.16618
v 0.53460 0.34447 -0.01880
v -0.37296 0.82513 0.00168
v -0.02211 0.54321 -0.11965
v -0.36398 0.51996 0.11638
v 0.41441 0.57585 -0.00389
v 0.01541 0.86547 -0.02088
v -0.23505 0.44813 0.17815
v 0.15155 0.70149 -0.07325
v 0.06114 0.49491 0.01644
v 0.18200 0.48926 -0.04682
v 0.11841 0.84095 -0.04570
v 0.07741 0.82812 0.03150
v -0.42989 0.85878 0.03901
v 0.52064 0.51878 0.00911
v 0.37203 0.25648 -0.03340
v 0.49553 0.16858 -0.05270
v 0.44275 0.36935 0.03366
v 0.46486 0.53813 -0.04904
v -0.08709 0.61356 0.03170
v 0.50793 0.66289 0.04420
v -0.32930 0.39142 0.10357
v 0.08702 0.67324 -0.13260
v -0.46589 0.72819 0.00059
v 0.16075 0.48934 -0.03913
v 0.16082 0.77577 0.06762
v 0.19853 0.67991 0.03330
v 0.07300 0.43844 0.09402
v 0.56392 0.11418 -0.09675
v 0.15755 0.48839 -0.00974
v 0.52931 0.78204 0.00921
v -0.42150 0.45222 0.05264
v 0.04673 0.77371 0.01920
v 0.04644 0.35294 0.03373
v -0.39063 0.60719 0.13054
v 0.48400 0.22204 0.01720
v -0.46102 0.60942 0.01018
v 0.54827 0.32671 -0.02439
v 0.48152 0.23061 0.08450
v 0.00725 0.63954 -0.05965
v 0.05201 0.45034 0.00726
v -0.43791 0.64844 0.10549
v 0.01082 0.73068 -0.06721
v -0.40574 0.47629 0.03973
v 0.49364 0.19033 0.00434
v 0.12000 0.70091 0.04059
v -0.40692 0.72984 -0.02291
v 0.07549 0.43493 0.10182
v 0.36559 0.29538 -0.05056
v 0.57226 0.56859 -0.03845
v -0.43477 0.77723 0.16246
v 0.46430 0.55953 -0.06717
v 0.56715 0.29054 0.12362
v 0.17375 0.31816 0.06396
v 0.00058 0.44348 -0.08856
v 0.06014 0.60792 0.08770
v -0.40384 0.45785 -0.08753
v 0.43241 0.21791 -0.00636
v 0.54763 0.50184 -0.01292
v -0.43142 0.66751 0.01966
v -0.41881 0.29108 0.04848
v 0.22004 0.67369 0.06498
v 0.06003 0.21628 -0.00209
v -0.33500 0.72612 0.06809
v 0.47547 0.20528 0.00760
v -0.00578 0.80910 -0.01685
v -0.08918 0.59014 -0.11459
v 0.04472 0.74266 -0.07806
v -0.42225 0.31313 0.05054
v 0.05198 0.19696 0.01395
v -0.45105 0.45202 -0.10737
v 0.05890 0.90896 -0.05913
v 0.52941 0.35878 -0.03259
v 0.51535 0.31871 -0.03292
v -0.50139 0.64620 -0.03497
v 0.05352 0.43114 -0.09515
v 0.08173 0.43172 -0.05301
v -0.21851 0.65619 0.01504
v 0.02369 0.30112 0.02420
v -0.06069 0.72601 0.04193
v 0.46620 0.53693 0.04645
v -0.41178 0.11170 0.05126
v -0.27275 0.63015 0.21563
v -0.00234 0.68131 -0.07563
v 0.07732 0.88600 -0.01107
v 0.42187 0.31933 -0.02844
v 0.47911 0.60499 -0.03504
v 0.50902 0.60649 0.00591
v -0.10012 0.58934 -0.09936
v -0.54486 0.35736 0.05666
v 0.45427 0.18658 0.04012
v 0.50954 0.36039 -0.02892
v -0.40378 0.36025 0.03975
v 0.06917 0.96272 0.09447
v 0.44820 0.45934 0.02132
v 0.06163 0.84024 -0.04588
v 0.38883 0.18577 0.01873
v 0.45457 0.15160 -0.17735
v 0.46698 0.55696 -0.09146
v 0.52461 0.51160 0.05369
v 0.14398 0.31457 0.03903
v -0.02645 0.67370 0.02876
v -0.65631 0.38267 0.03586
v 0.01717 0.46815 -0.09170
v -0.43148 0.45089 0.15708
v -0.31443 0.50525 -0.05208
v -0.23620 0.42571 0.15075
v 0.06932 0.02766 0.00375
v -0.40309 0.82543 0.06588
v 0.64628 0.36900 -0.02515
v 0.52955 0.35779 -0.08747
v 0.55622 0.14267 0.03937
v 0.00876 0.84516 0.02576
v 0.05762 0.43115 -0.08659
v -0.51103 0.40399 0.00856
v -0.31305 0.48870 0.03848
v 0.06386 0.97566 -0.01462
v -0.52602 0.60890 -0.00579
v 0.54374 0.06790 -0.03646
v 0.09796 0.85311 -0.02408
v 0.09562 0.61207 -0.03690
v -0.34549 0.63125 0.00782
v 0.27144 0.31722 -0.06165
v -0.31687 0.73693 0.06835
v -0.33221 0.46553 0.03581
v -0.00311 0.75021 0.03191
v 0.43774 0.64941 0.00550
v 0.54587 0.69435 0.00331
v 0.49654 0.33779 -0.00408
v -0.42455 0.43465 0.00736
v 0.41830 0.19236 -0.03503
v -0.35617 0.67833 0.21875
v 0.01429 0.42304 0.10675
v -0.01687 0.52415 -0.01551
v 0.45469 0.15104 -0.07497
v 0.50752 0.36205 -0.05252
v 0.04623 0.35494 0.03983
v 0.00364 0.74076 0.01518
v -0.39979 0.63793 -0.11430
v 0.51657 0.60500 0.04662
v -0.00391 0.70862 0.01692
v 0.48835 0.79565 -0.01136
v 0.03640 0.42998 -0.14731
v 0.48021 0.34025 0.01427
v 0.47639 0.24192 0.00950
v -0.45902 0.89203 0.05165
v -0.00885 0.53382 -0.08242
v -0.46470 0.45683 0.05756
v 0.04600 0.71505 -0.06133
v 0.03290 0.41018 -0.02853
v 0.44569 0.35518 -0.05568
v -0.34989 0.44587 0.16139
v 0.45679 0.41239 -0.05581
v -0.33901 0.33101 -0.10225
v -0.42979 0.45798 0.08392
v -0.45128 0.43277 0.14892
v 0.49094 0.29701 -0.03187
v -0.04755 0.75296 0.01892
v 0.03639 0.63280 0.03899
v 0.28684 0.12111 0.03955
v 0.01821 0.39022 0.00138
v 0.05815 0.71818 0.00846
v 0.50722 0.52219 -0.00249
v 0.48963 0.11336 0.01715
v 0.45902 0.24258 -0.05051
v -0.34445 0.32221 -0.04292
v 0.42609 0.37815 0.02792
v -0.08028 0.59088 0.08712
v 0.50358 0.44101 -0.07572
v 0.02544 0.51018 0.10160
v -0.41787 0.79571 0.13600
v 0.53072 0.70256 -0.00632
v -0.35070 0.73180 0.08445
v -0.41768 0.70823 0.10744
v -0.00867 0.46782 0.01808
v 0.03839 0.35403 -0.04754
v 0.44509 0.40568 -0.03858
v 0.15461 0.52477 -0.04730
v 0.57083 0.12878 -0.11410
v 0.15997 0.66458 0.00215
v -0.31149 0.58557 0.03962
v 0.54099 0.41843 -0.05243
v -0.22584 0.52604 -0.03134
v -0.63566 0.58818 0.01139
v 0.44449 0.20624 -0.03827
v 0.10961 0.73087 0.00233
v -0.00059 0.35078 0.07015
v 0.45153 0.71230 -0.00180
v -0.52696 0.63627 0.05134
v -0.54783 0.35396 0.05627
v -0.41519 0.35209 0.05801
v -0.43328 0.44523 0.13835
v 0.61331 0.23936 -0.13078
v 0.05847 0.35093 0.01025
v -0.00096 0.40036 -0.05812
v -0.36999 0.40293 0.10126
v 0.07019 0.49892 0.04577
v 0.49349 0.60919 -0.03205
v 0.50772 0.76079 0.02060
v 0.06531 0.36911 0.00696
v -0.42145 0.22447 0.04880
v 0.54252 0.43469 0.14276
v 0.47520 0.54292 0.00990
v -0.37949 0.71483 0.08271
v -0.37089 0.56233 0.14861
v 0.26792 0.13905 0.02314
v 0.03053 0.79579 -0.03074
v 0.53095 0.63443 0.01497
v -0.40541 0.45991 -0.07068
v 0.12789 0.66771 -0.00921
v 0.04356 0.76268 0.04287
v 0.29925 0.13738 0.01723
v 0.13767 0.59902 0.02232
v -0.49812 0.49654 -0.01811
v 0.48409 0.12277 -0.00273
v 0.61237 0.20180 -0.19333
v 0.02374 0.74074 -0.00669
v 0.45536 0.47254 0.06637
v -0.49308 0.80395 -0.01159
v 0.49485 0.15930 0.00611
v -0.63915 0.41332 0.10952
v 0.10815 0.56249 0.04651
v 0.44086 0.25080 -0.06907
v 0.44901 0.30191 -0.06846
v 0.07290 0.94715 0.05957
v 0.54618 0.41492 -0.00397
v 0.08389 0.78913 0.01929
v 0.48807 0.65103 0.00754
v 0.17130 0.33880 0.07431
v -0.33766 0.68143 0.16122
v 0.15002 0.76293 0.06776
v 0.57008 0.11591 -0.10305
v 0.38997 0.13627 0.01170
v -0.06071 0.54332 0.14350
v 0.08803 0.60700 0.14636
v -0.37203 0.57387 0.07649
v -0.28449 0.58162 0.03591
v 0.03516 0.93404 0.00766
v -0.43652 0.40991 0.00579
v -0.63460 0.36461 0.05988
v 0.06546 0.53324 0.06171
v 0.10929 0.43002 0.07636
v 0.04438 0.76261 -0.01037
v 0.16805 0.59040 0.02631
v 0.08232 0.62461 -0.04234
v 0.58389 0.40739 0.02498
v 0.02587 0.43274 0.10046
v -0.42818 0.82587 0.05879
v 0.48753 0.31866 0.00115
v 0.51664 0.35131 0.09525
v 0.48808 0.15411 -0.02812
v -0.46532 0.80785 0.03809
v -0.05766 0.47530 0.10737
v 0.18212 0.65188 0.02113
v 0.55729 0.46112 -0.05423
v -0.48017 0.79688 0.05192
v -0.25508 0.51247 -0.00349
v 0.46217 0.29508 -0.06307
v 0.42464 0.11602 -0.01253
v 0.45891 0.71892 -0.01661
v 0.08521 0.52899 -0.10606
v 0.09558 0.42881 -0.03403
v -0.03860 0.72244 -0.10551
v 0.07669 0.62504 -0.07537
v 0.48415 0.75034 0.00830
v 0.07462 0.66203 0.11979
v -0.33761 0.42414 0.09588
v 0.50415 0.26141 -0.09419
v 0.05142 0.66400 0.13202
v 0.42234 0.41310 0.04166
v 0.06401 0.63915 -0.02567
v -0.29937 0.45678 0.05522
v 0.52331 0.29034 0.00163
v -0.26992 0.38232 -0.05635
v 0.49398 0.07523 0.01466
v -0.35271 0.60974 0.09042
v 0.12825 0.60183 0.00774
v -0.35760 0.59840 0.08815
v 0.02726 0.78624 -0.09993
v 0.45809 0.44048 0.04708
v -0.53890 0.48882 0.02882
v 0.53051 0.23311 0.04445
v 0.45066 0.75232 0.01684
v -0.22068 0.54248 -0.02584
v 0.52624 0.37215 0.08086
v -0.47477 0.45300 0.19345
v 0.05808 0.37770 0.12495
v 0.47828 0.53443 0.00890
v 0.02882 0.30587 -0.00018
v 0.48278 0.11806 -0.11999
v 0.05889 0.42198 -0.04582
v -0.36289 0.64646 0.17167
v 0.46724 0.51508 -0.04132
v 0.08238 0.89655 0.04414
v 0.08637 0.71369 0.10722
v -0.38530 0.36734 0.04246
v 0.60063 0.31390 -0.03149
v -0.41674 0.00344 0.04549
v -0.05676 0.52684 0.12836
v 0.50105 0.36065 -0.05465
v 0.48323 0.73368 0.00642
v 0.06025 0.49358 0.01239
v -0.42087 0.20906 0.04837
v 0.03912 0.39305 0.05619
v -0.35630 0.65652 0.19224
v 0.15161 0.35292 0.05363
v 0.48885 0.58967 -0.00566
v -0.52633 0.53124 0.05340
v 0.39698 0.13200 -0.00685
v 0.05576 0.10935 0.01661
v 0.47517 0.54138 -0.07809
v 0.47076 0.53788 -0.00744
v 0.12431 0.28528 -0.06782
v 0.06188 0.48219 -0.09099
v 0.08622 0.46471 -0.13080
v -0.42248 0.66329 0.09683
v -0.04751 0.43066 0.03107
v -0.46057 0.74678 0.00905
v 0.52680 0.11671 -0.01221
v -0.41712 0.36809 0.04982
v -0.41036 0.45042 -0.08106
v -0.39639 0.74134 -0.09576
v 0.50507 0.70184 0.01571
v 0.01542 0.83844 -0.00452
v 0.45623 0.18567 0.07220
v -0.38568 0.33580 -0.03988
v 0.65714 0.30364 -0.08193
v -0.41925 0.56086 0.14064
v -0.03956 0.41287 -0.01163
v 0.05273 0.17250 0.01456
v 0.50846 0.47647 -0.01529
v -0.05095 0.42751 0.00355
v 0.43243 0.28661 0.06972
v -0.46418 0.79510 0.00485
v 0.50347 0.51396 0.01658
v 0.01737 0.86856 0.05674
v 0.05602 0.66507 0.09639
v 0.00929 0.44112 0.03355
v 0.06122 0.58853 0.02508
v -0.41428 0.53826 0.11960
v 0.10293 0.40147 0.05926
v 0.44353 0.29280 0.06325
v 0.42821 0.41205 0.03059
v 0.12643 0.77537 -0.11062
v 0.03960 0.33912 -0.04374
v 0.49309 0.69962 0.03878
v 0.39581 0.31466 -0.01899
v 0.02541 0.61232 -0.03145
v -0.28895 0.36311 -0.10233
v 0.11733 0.62030 0.15650
v -0.37791 0.69160 0.22050
v 0.09665 0.64707 0.01617
v 0.04782 0.73117 -0.08791
v -0.42103 0.49256 0.05708
v -0.01440 0.40715 -0.00736
v 0.15442 0.57774 0.12436
v 0.04423 0.52151 0.06357
v -0.42163 0.26267 0.04932
v 0.48068 0.12452 0.01704
v 0.01358 0.62638 -0.02246
v 0.14094 0.55160 0.11063
v 0.00695 0.56865 0.03173
v 0.09971 0.31878 0.02437
v -0.47341 0.81457 0.04940
v -0.41747 0.50826 0.04171
v -0.51963 0.61778 0.05370
v 0.33050 0.08707 0.03461
v 0.13807 0.72939 -0.10954
v 0.47657 0.28444 0.00788
v -0.02415 0.57601 -0.03651
v 0.49550 0.03212 0.01242
v 0.15430 0.44326 0.07050
v 0.51247 0.64531 0.06674
v 0.07068 0.79463 0.00577
v 0.05453 0.23105 -0.00121
v -0.61988 0.54780 -0.00488
v -0.01969 0.54191 0.02674
v 0.52506 0.26845 -0.12150
v 0.02689 0.72288 -0.02707
v 0.00288 0.67091 0.03288
v 0.01154 0.45570 0.08741
v 0.06648 0.16531 0.01110
v -0.57956 0.53001 0.01665
v 0.05053 0.19980 0.01213
v 0.02559 0.54336 0.02835
v -0.41998 0.43588 0.05105
v -0.51216 0.70202 0.10520
v 0.05797 0.02287 0.01860
v -0.43546 0.83183 0.09556
v -0.33654 0.47720 -0.01658
v 0.05835 0.43627 -0.10323
v -0.47717 0.47003 0.04269
v 0.40989 0.11328 0.02426
v 0.10009 0.31023 0.03144
v -0.01152 0.57969 0.03588
v 0.05789 0.84018 0.00327
v 0.57098 0.38290 -0.02716
v 0.10661 0.40200 -0.08230
v -0.31045 0.31136 -0.07490
v 0.54471 0.64706 0.06980
v -0.63654 0.36466 0.08287
v 0.37050 0.35087 -0.06035
v 0.09619 0.78176 0.04594
v -0.00043 0.65703 0.01534
v 0.12520 0.82392 0.04607
v 0.45814 0.18090 0.09389
v -0.32710 0.39867 0.12975
v 0.07230 0.93047 -0.01893
v 0.46408 0.44115 0.03012
v -0.41176 0.90900 0.02637
v 0.13799 0.80022 -0.03931
v 0.51571 0.33735 -0.01534
v -0.45467 0.46183 0.21052
v 0.36118 0.42773 0.05199
v -0.43371 0.85217 0.10230
v 0.02902 0.89675 0.05166
v -0.05333 0.71928 0.01167
v 0.10262 0.42432 0.08895
v 0.06069 0.68848 0.00617
v 0.10412 0.38490 0.04425
v 0.05065 0.90294 -0.00996
v 0.56948 0.14286 -0.13282
v 0.05174 0.35663 0.02664
v 0.41380 0.34823 0.08338
v 0.49063 0.53751 0.12001
v 0.48380 0.08550 -0.00323
v 0.03397 0.45868 0.01682
v 0.35051 0.25061 -0.04632
v 0.15767 0.75461 -0.08431
v 0.48460 0.52199 -0.06023
v 0.08271 0.65762 -0.00141
v -0.41465 0.12110 0.04774
v -0.45128 0.75750 0.01855
v 0.11759 0.69528 -0.06354
v 0.53090 0.25067 0.01413
v 0.48945 0.20315 0.07215
v 0.10572 0.62880 -0.01422
v 0.48137 0.49401 0.01324
v -0.01518 0.67315 -0.03904
v 0.05061 0.35892 0.04364
v 0.12222 0.29343 0.07199
v 0.02838 0.95048 0.01713
v -0.38699 0.38182 0.00521
v -0.48223 0.53379 0.01355
v 0.54016 0.31642 -0.02656
v 0.48030 0.84503 0.01711
v 0.52235 0.43798 0.07125
v -0.47086 0.49135 0.23407
v 0.06058 0.44863 0.01269
v 0.12054 0.70182 -0.02383
v 0.43666 0.11622 0.02450
v 0.02855 0.87272 0.00664
v 0.48454 0.21682 0.00779
v 0.42208 0.15362 0.02886
v -0.04144 0.75309 -0.00279
v 0.03066 0.50779 -0.20129
v 0.10167 0.71688 0.09051
v -0.41765 0.31059 0.04877
v -0.27331 0.58160 0.21186
v 0.08575 0.72238 -0.02516
v -0.41310 0.81667 0.03392
v 0.04379 0.67739 0.14309
v 0.08388 0.58423 0.12527
v -0.02009 0.71698 0.03292
v 0.43679 0.22384 -0.01269
v 0.02628 0.77963 0.11761
v 0.05323 0.60959 -0.02406
v 0.02527 0.72684 -0.08203
v 0.55726 0.38156 -0.02851
v 0.44594 0.40563 0.07175
v -0.41695 0.79752 -0.00377
v -0.43697 0.44352 0.11554
v 0.05035 0.33671 0.00731
v 0.05827 0.60681 0.05681
v 0.63387 0.26620 -0.05832
v 0.27796 0.62431 -0.02838
v 0.06024 0.85418 -0.01430
v -0.28624 0.35651 -0.13824
v -0.47527 0.57573 0.01392
v 0.06452 0.35847 0.00962
v 0.52520 0.10305 -0.03758
v 0.54662 0.30948 0.01008
v 0.46960 0.83221 0.02745
v 0.46858 0.69548 0.01619
v -0.44232 0.50813 0.16149
v -0.34038 0.56693 0.06228
v 0.55146 0.18032 0.05477
v 0.59027 0.61379 -0.02893
v -0.36037 0.61225 0.19915
v 0.06153 0.76319 0.09279
v -0.45752 0.63293 0.15910
v 0.43529 0.52117 0.05924
v 0.02680 0.73698 0.09257
v -0.38731 0.84561 -0.01155
v 0.16698 0.54305 0.03613
v 0.06697 0.87630 0.02099
v 0.35573 0.35516 -0.06069
v -0.03365 0.47283 0.11465
v 0.49345 0.23063 0.01081
v 0.10462 0.54783 0.11707
v 0.48608 0.22966 0.00853
v -0.00287 0.60551 0.01489
v -0.40320 0.72119 0.02480
v 0.54743 0.35074 0.09734
v 0.08221 0.85924 0.04331
v -0.00662 0.87012 -0.02698
v -0.41514 0.43063 0.05164
v 0.00949 0.55890 0.03390
v 0.49005 0.25567 0.01520
v 0.09406 0.75063 0.03135
v 0.00665 0.79463 0.04020
v -0.53715 0.49131 0.02756
v 0.36797 0.42265 0.05356
v 0.04934 0.70919 0.06465
v 0.30253 0.13227 0.03816
v 0.53848 0.16018 0.03613
v 0.59969 0.30150 -0.07403
v -0.00601 0.34762 0.05739
v 0.08695 0.56578 -0.07551
v -0.35256 0.55291 0.04328
v -0.36000 0.49510 -0.02173
v 0.49893 0.28492 -0.16883
v 0.40632 0.43264 -0.00521
v -0.42572 0.09307 0.05375
v -0.30757 0.51243 0.00186
v 0.34671 0.11504 0.03027
v -0.41969 0.74862 -0.01810
v 0.56646 0.20850 -0.04596
v -0.35863 0.38076 0.04509
v 0.51638 0.37940 0.00699
v -0.40520 0.83591 0.03282
v 0.46760 0.30494 -0.14594
v -0.59912 0.48020 0.01590
v -0.31352 0.40796 0.09536
v -0.41776 0.58014 -0.06585
v 0.33739 0.23804 -0.00593
v -0.01262 0.50291 0.05099
v 0.12472 0.51481 0.00398
v -0.43532 0.80657 0.07642
v 0.42994 0.23781 0.02599
v 0.52734 0.18191 -0.12692
v 0.08948 0.65688 -0.13734
v 0.08731 0.86158 0.04057
v 0.55356 0.21333 -0.05512
v 0.04991 0.14314 0.01249
v -0.30501 0.53383 0.05877
v -0.41922 0.67325 0.06089
v 0.03512 0.46301 0.00431
v -0.02507 0.37018 -0.07824
v 0.16686 0.46090 0.13412
v 0.05834 0.45653 -0.15986
v 0.45146 0.39574 0.06243
v 0.49430 0.36914 0.04627
v -0.35507 0.48140 0.09067
v -0.41781 0.50531 0.05833
v 0.11130 0.74967 -0.02686
v 0.04713 0.06669 0.00831
v 0.37406 0.27325 -0.04844
v -0.57086 0.38373 0.11961
v 0.10803 0.47514 -0.01192
v 0.49347 0.34889 -0.03530
v -0.48313 0.45579 0.01919
v 0.02551 0.54233 0.04013
v -0.38662 0.63413 0.17249
v 0.56479 0.19967 -0.11572
v 0.15763 0.79576 0.05704
v 0.05361 0.48762 -0.18459
v -0.28557 0.37165 -0.07397
v 0.10871 0.65995 -0.05497
v 0.49301 0.62463 0.00663
v -0.08267 0.47359 0.07505
v 0.47590 0.24591 0.00819
v 0.49363 0.17758 0.01213
v 0.00060 0.65387 0.01675
v -0.39290 0.86792 0.04287
v 0.39750 0.43081 0.06262
v 0.62466 0.17739 -0.14819
v 0.50257 0.69391 0.01251
v -0.37493 0.63273 0.18188
v -0.30358 0.78301 0.08855
v 0.48335 0.25395 -0.03324
v -0.36646 0.76690 0.03467
v 0.00595 0.89395 -0.01636
v 0.43414 0.17716 -0.03084
v 0.48360 0.41806 0.01491
v 0.15199 0.60513 0.02133
v 0.38585 0.16045 -0.00174
v 0.10276 0.54521 0.10691
v 0.06510 0.66588 -0.08894
v -0.24922 0.49029 -0.10080
v 0.01181 0.84532 0.02997
v -0.37717 0.88245 0.02283
v 0.05130 0.66184 0.12857
v -0.22674 0.43544 0.16911
v -0.00153 0.34536 -0.10588
v 0.38590 0.13881 0.02124
v 0.06353 0.08413 0.01560
v 0.03964 0.84779 0.04930
v -0.29727 0.58105 0.17301
v 0.37448 0.15397 0.04632
v 0.00721 0.86961 -0.02723
v 0.49207 0.27073 -0.09067
v -0.02953 0.53943 0.01417
v 0.05112 0.46587 -0.14169
v -0.00492 0.92752 -0.05370
v 0.06253 0.89082 -0.00244
v 0.50911 0.72665 -0.04862
v 0.51393 0.28666 0.03342
v -0.39184 0.75792 0.06696
v -0.51096 0.45835 0.16655
v 0.09103 0.64355 -0.00048
v -0.41708 0.10698 0.04657
v -0.42385 0.74407 0.14709
v -0.27593 0.29186 -0.01686
v 0.41034 0.39009 0.05002
v -0.47979 0.52661 -0.01625
v 0.08409 0.82728 -0.02872
v 0.41083 0.47594 -0.09458
v -0.37046 0.79057 0.07662
v 0.32834 0.39182 -0.08326
v 0.39968 0.47968 0.01243
v 0.38164 0.51312 0.04463
v -0.44170 0.77098 0.02173
v 0.12330 0.87618 0.01684
v 0.08173 0.62862 -0.03826
v -0.46189 0.43440 0.01836
v -0.45543 0.71254 0.03238
v 0.48337 0.90719 0.00446
v 0.48252 0.69255 0.00742
v 0.56951 0.25868 0.06810
v 0.08627 0.28680 -0.01850
v 0.18468 0.80561 0.05603
v -0.35168 0.79626 -0.00370
v 0.05245 0.45951 -0.15294
v -0.30426 0.59791 0.15540
v 0.13259 0.42764 0.08734
v 0.10947 0.73095 -0.04169
v 0.06174 0.45065 -0.12363
v 0.48773 0.64967 -0.07158
v -0.30829 0.39090 0.04568
v 0.41919 0.14583 -0.02113
v 0.41270 0.22793 0.00096
v 0.05912 0.87801 -0.06867
v 0.09982 0.59309 0.00536
v 0.15393 0.77706 0.05224
v -0.13474 0.60339 -0.09218
v -0.52094 0.49793 0.01290
v 0.32826 0.13164 0.02909
v 0.40419 0.58768 0.00027
v 0.07014 0.93895 -0.00593
v 0.06829 0.55307 0.01139
v 0.52109 0.45464 -0.01130
v 0.05009 0.53125 0.03566
v 0.09236 0.46120 0.00252
v 0.06542 0.44392 -0.08516
v 0.08703 0.70193 -0.02624
v -0.36034 0.62643 0.13801
v 0.54668 0.58017 -0.08049
v -0.52071 0.67688 0.14665
v 0.41291 0.58469 -0.02095
v 0.48441 0.21367 0.00557
v -0.36633 0.62715 0.09264
v 0.09959 0.67614 -0.07368
v -0.49439 0.45040 -0.15888
v 0.05016 0.92056 -0.03232
v 0.60261 0.16028 0.07778
v 0.57881 0.25535 0.04360
v 0.11140 0.41744 0.06839
v 0.10302 0.37317 -0.01856
v 0.00100 0.83780 -0.01602
v -0.26612 0.65303 0.02444
v 0.10985 0.51836 0.08558
v 0.66053 0.15514 0.11593
v 0.08626 0.71855 -0.02689
v -0.31034 0.62659 0.04465
v -0.41411 0.52123 0.04301
v 0.11275 0.64839 -0.12645
v 0.04212 0.42636 -0.11539
v 0.48478 0.17460 0.01812
v 0.55759 0.14064 0.05904
v 0.47198 0.19741 0.07281
v 0.06973 0.38876 0.13728
v 0.51231 0.73442 -0.05130
v 0.06120 0.39902 0.01131
v -0.39030 0.36759 -0.11252
v -0.44006 0.50843 -0.04404
v -0.46316 0.74582 0.01440
v -0.43706 0.42349 -0.13133
v 0.03556 0.75506 -0.09273
v 0.50342 0.45097 -0.03271
v 0.39280 0.32863 0.08638
v 0.02773 0.90566 0.01184
v -0.43082 0.45667 -0.00199
v 0.51818 0.11578 -0.01042
v 0.49484 0.67753 -0.01844
v -0.00171 0.86766 0.03310
v -0.31843 0.54389 0.08624
v -0.40349 0.90584 0.05383
v 0.05168 0.69102 0.12323
v 0.06191 0.02172 0.01705
v -0.27477 0.58929 0.02433
v -0.01945 0.28639 0.01903
v 0.04068 0.68813 -0.05214
v 0.41346 0.49122 0.03321
v 0.45572 0.43814 -0.07437
v 0.47799 0.22479 0.00225
v 0.02818 0.37037 0.08397
v 0.02996 0.81410 0.04139
v 0.08751 0.61162 -0.01220
v -0.41512 0.52133 0.05575
v -0.44958 0.43050 0.13650
v 0.38935 0.18171 0.01855
v -0.56581 0.38295 0.02001
v 0.11127 0.91581 -0.02186
v 0.03890 0.77541 -0.04003
v -0.31683 0.48917 -0.02020
v 0.50363 0.29388 0.00612
v 0.48384 0.82964 0.00536
v 0.08335 0.65074 0.02312
v 0.02772 0.76474 -0.01165
v 0.00831 0.82639 -0.00765
v -0.47320 0.74192 0.09509
v 0.07614 0.93799 0.07927
v -0.02869 0.40947 -0.00926
v -0.03511 0.55097 -0.00543
v -0.03561 0.54182 0.15087
v 0.03675 0.73656 -0.11321
v 0.48618 0.34085 0.08042
v -0.09451 0.31214 0.01062
v -0.41525 0.42772 0.05766
v 0.49850 0.67316 -0.00946
v 0.49161 0.17642 0.01554
v 0.05247 0.71435 0.11581
v 0.48770 0.06378 0.01857
v -0.50107 0.45500 -0.11541
v -0.51293 0.60157 -0.02646
v 0.11428 0.37005 0.00898
v 0.05455 0.81751 0.10717
v 0.49660 0.46649 -0.01061
v -0.37126 0.60307 0.13832
v 0.49207 0.04528 0.01699
v -0.46433 0.74891 0.05484
v 0.50734 0.44972 -0.02031
v -0.30318 0.29714 -0.01555
v -0.07995 0.55495 0.13841
v -0.53900 0.62915 0.18148
v 0.53995 0.66100 -0.00476
v 0.43978 0.66432 0.04187
v 0.10593 0.63273 -0.10856
v 0.55595 0.11043 -0.07635
v -0.42291 0.02216 0.05969
v -0.01660 0.53574 -0.05555
v -0.34039 0.45598 0.01090
v -0.30844 0.73038 0.06996
v 0.04298 0.84961 0.02905
v 0.05786 0.66741 0.00377
v -0.44804 0.63118 0.07103
v 0.04794 0.03026 0.01148
v -0.40921 0.91110 0.05588
v 0.49525 0.14259 0.01585
v -0.00584 0.51324 -0.07266
v 0.48891 0.52335 0.00587
v 0.13458 0.68307 -0.18085
v -0.56181 0.38018 0.00937
v -0.56508 0.34324 0.04526
v -0.48228 0.65090 0.12351
v 0.37128 0.11385 0.06250
v 0.08675 0.79790 0.02428
v -0.04003 0.73160 -0.00464
v 0.16022 0.40324 -0.05674
v 0.49516 0.42392 -0.09727
v 0.10106 0.73854 0.07651
v 0.09892 0.72478 -0.00007
v 0.58504 0.33927 -0.01221
v -0.29981 0.29616 -0.01087
v 0.05003 0.26795 0.00867
v 0.47533 0.18156 0.00705
v 0.00486 0.38652 -0.13211
v 0.48965 0.54870 0.01016
v -0.41625 0.65846 0.19076
v 0.10936 0.73373 -0.01007
v 0.08527 0.80050 0.06195
v 0.32846 0.42552 -0.08716
v 0.42468 0.36516 0.03397
v 0.31469 0.26155 -0.02908
v -0.41661 0.80780 0.05947
v 0.50717 0.50148 0.01982
v 0.07715 0.69533 -0.07648
v 0.45322 0.26289 0.02986
v -0.41151 0.75123 0.13019
v 0.54237 0.29783 -0.04672
v -0.39252 0.45196 0.03865
v -0.61487 0.39268 0.09327
v 0.57594 0.11387 0.05222
v -0.38313 0.72926 0.02922
v -0.52401 0.51454 0.03259
v 0.11534 0.54685 -0.00511
v 0.04940 0.65894 0.13027
v -0.46450 0.54391 -0.02550
v -0.43664 0.84952 0.06288
v 0.52865 0.24900 0.05767
v 0.20850 0.46344 -0.06574
v 0.45619 0.14788 -0.08388
v -0.50093 0.82041 0.07732
v 0.15629 0.60968 0.02323
v -0.39584 0.59764 0.11365
v 0.56496 0.14908 -0.11194
v 0.02297 0.47506 -0.08678
v -0.41891 0.85705 0.05458
v -0.45357 0.48576 0.23314
v 0.47398 0.20711 -0.03676
v -0.39846 0.59597 0.11201
v 0.47779 0.27050 0.01194
v 0.15477 0.55035 -0.01190
v 0.52021 0.32372 0.00922
v -0.41458 0.62878 0.06311
v -0.03198 0.69102 0.02014
v 0.05505 0.28290 -0.00056
v 0.46303 0.69930 0.01862
v -0.37206 0.53332 0.03804
v 0.09635 0.63628 -0.09683
v 0.61662 0.35807 -0.02206
v 0.03785 0.85553 0.02978
v 0.13528 0.31052 0.04997
v 0.01909 0.57517 -0.00992
v -0.01957 0.67497 0.01991
v -0.02415 0.67833 -0.09318
v -0.35088 0.84792 0.07393
v -0.35566 0.32099 0.01001
v 0.06082 0.43801 -0.11044
v 0.00627 0.76416 -0.10114
v -0.42604 0.00000 0.05496
v -0.09954 0.50085 -0.02360
v -0.47170 0.80998 -0.03073
v -0.44205 0.55936 0.07153
v 0.45254 0.53534 -0.00061
v 0.48715 0.38003 0.00217
v 0.04254 0.37117 0.08637
v -0.48916 0.38089 0.06873
v 0.05061 0.21304 0.00141
v -0.02273 0.59134 -0.05107
v 0.49986 0.57405 0.02856
v 0.48782 0.38997 0.01470
v 0.08096 0.40529 0.08972
v -0.01412 0.44164 0.05511
v -0.47588 0.44967 -0.08979
v 0.40610 0.32698 0.03818
v -0.28546 0.47635 -0.02008
v 0.50210 0.56630 -0.02621
v -0.39610 0.63680 -0.06425
v 0.07610 0.39532 0.04895
v -0.39800 0.67806 0.11885
v 0.11895 0.59978 0.19065
v 0.04293 0.76712 -0.01141
